Display Name,User Principal Name,Monthly credit limit,Monthly credits used,User ID,Microsoft 365 Copilot license,Last activity date,Session Count,% Used
"Dunmore, Casimir H",casimirdunmore@example.com,1,737,692ea73b71d44151b202,Yes,2026-06-29T10:06:11.736,10,73700.0
"Braithwaite, Antigone M",antigonebraithwaite@example.com,1,712,578a7f498621481381f6,Yes,2026-06-04T09:32:09.463,26,71200.0
"Rutherford, Yorick A",yorickrutherford@example.com,1,685,f0587abbe2f2494fa720,Yes,2026-06-07T17:50:30.564,17,68500.0
"Satterthwaite, Vivienne K",viviennesatterthwaite@example.com,1,630,8d11f9fa75ad491b90bf,Yes,2026-06-11T19:45:26.344,22,63000.0
"Nightingale, Hesper H",hespernightingale@example.com,1,605,3560207e68754e41a820,No,2026-06-18T00:31:57.200,34,60500.0
"Blackwood, Odalys H",odalysblackwood@example.com,1,600,af341882fd6e4305aa83,Yes,2026-06-03T04:01:28.704,21,60000.0
"Attenborough, Ignatius K",ignatiusattenborough2@example.com,1,581,1ea0d0086410466898c6,Yes,2026-06-16T03:13:35.885,9,58100.0
"Thornbury, Ferdinand L",ferdinandthornbury@example.com,1,560,adc457989530445b9506,Yes,2026-06-14T23:02:43.206,3,56000.0
"Pennington, Rosalind C",rosalindpennington@example.com,1,549,da1c184b9b7940e4b5cf,Yes,2026-06-22T19:59:08.502,37,54900.0
"Ziegler, Bexley S",bexleyziegler@example.com,1,548,0b912843198e4e9c9fe5,Yes,2026-06-11T19:13:46.184,10,54800.0
"Tremaine, Bramwell E",bramwelltremaine@example.com,1,540,233a5713c27748ed9f1b,Yes,2026-06-11T05:43:40.726,32,54000.0
"Abernathy, Bexley E",bexleyabernathy@example.com,1,532,1c2d306c5017411994ee,Yes,2026-06-22T17:18:01.874,4,53200.0
"Trelawney, Genevieve F",genevievetrelawney@example.com,1,456,e8ed7e5a61284de69c9e,Yes,2026-07-01T09:06:01.264,18,45600.0
"Wexford, Octavian R",octavianwexford@example.com,1,429,d9fed6272cb24132be8c,Yes,2026-06-28T05:16:28.963,22,42900.0
"Villanueva, Montgomery R",montgomeryvillanueva@example.com,1,412,6f29d9a4de014457bbc5,No,2026-06-10T08:37:14.345,19,41200.0
"Everhart, Fennimore B",fennimoreeverhart@example.com,1,409,9dc98432ac494483aab9,Yes,2026-06-20T18:56:48.938,10,40900.0
"Ollivander, Bartholomew F",bartholomewollivander@example.com,1,398,52d6bf78b99145219e73,Yes,2026-06-29T15:46:59.746,16,39800.0
"Quartermaine, Antigone W",antigonequartermaine2@example.com,1,364,77a2e8ccb2f8407ea8ea,Yes,2026-06-25T11:34:54.553,6,36400.0
"Ellsworth, Anthea H",antheaellsworth@example.com,1,362,ee288b7abd0749f48995,Yes,2026-06-20T13:45:03.907,37,36200.0
"Mowbray, Marisole D",marisolemowbray@example.com,1,362,62df8b5addcc414cb44b,Yes,2026-06-22T17:32:45.497,11,36200.0
"Wollstonecraft, Yorick R",yorickwollstonecraft2@example.com,1,361,f30b1c297232487b90f0,Yes,2026-06-07T16:58:51.574,7,36100.0
"Merriweather, Clementine K",clementinemerriweather@example.com,1,337,8614a6252ff3445cba69,Yes,2026-06-08T11:51:45.044,6,33700.0
"Attenborough, Percival S",percivalattenborough@example.com,1,333,2c8eb0f976b44753a1cc,Yes,2026-06-16T02:07:48.080,19,33300.0
"Jorgensen, Ulyssa E",ulyssajorgensen@example.com,1,324,21bcfb3d22864239a97e,Yes,2026-05-31T23:43:15.252,32,32400.0
"Ollivander, Zephyrine B",zephyrineollivander@example.com,1,323,42c074ca48d5447db66c,Yes,2026-06-19T19:40:19.730,6,32300.0
"Beaumont, Persephone S",persephonebeaumont@example.com,1,319,2e4af88cec80442491d0,Yes,2026-06-17T20:02:14.053,13,31900.0
"Trelawney, Calanthe L",calanthetrelawney@example.com,1,314,119018bffa1e4bafae8d,Yes,2026-06-08T18:27:22.795,29,31400.0
"Fairbanks, Emmerich T",emmerichfairbanks@example.com,1,289,31819e0a012c41ff8cd1,Yes,2026-06-26T21:27:43.426,7,28900.0
"Hawthorne, Horatio D",horatiohawthorne@example.com,1,283,ba805182ca694271a333,Yes,2026-06-20T12:04:30.013,4,28300.0
"Sinclair, Seraphina S",seraphinasinclair@example.com,1,271,e07bf015351a429f8603,Yes,2026-06-26T12:09:48.017,35,27100.0
"Wollstonecraft, Casimir B",casimirwollstonecraft@example.com,1,270,06804361381546a48b30,No,2026-06-27T02:20:25.268,21,27000.0
"Jessamine, Ferdinand G",ferdinandjessamine@example.com,1,260,aca9995b7e4848f68af5,Yes,2026-06-23T15:36:26.958,35,26000.0
"Prendergast, Octavian S",octavianprendergast@example.com,1,237,ecc44549a16c430f891d,Yes,2026-06-13T12:41:06.477,6,23700.0
"Yelverton, Peregrine A",peregrineyelverton@example.com,1,217,fddde68c62ee47afbb1d,Yes,2026-06-28T18:43:36.265,22,21700.0
"Everhart, Evangeline P",evangelineeverhart@example.com,1,214,78e62a334ae0409cbbce,Yes,2026-06-20T10:24:20.588,19,21400.0
"Voskuijlen, Bartholomew E",bartholomewvoskuijlen@example.com,1,162,10b47a9cad2440ceb806,Yes,2026-06-18T06:30:24.638,5,16200.0
"Mowbray, Beatrix W",beatrixmowbray@example.com,1,160,d19db3e1df2842c1b67a,Yes,2026-06-19T21:19:34.588,7,16000.0
"Harrington, Odalys P",odalysharrington2@example.com,1,110,8ff8babbd46d4de583a0,Yes,2026-06-01T18:22:55.091,13,11000.0
"Ockendon, Ambrose S",ambroseockendon@example.com,1,97,5f006aeb36e84e248849,No,2026-06-18T19:32:51.005,33,9700.0
"Locksley, Georgiana K",georgianalocksley@example.com,1,94,a743ed0c4c3d4e30b62a,Yes,2026-06-25T13:07:29.259,5,9400.0
"Godfrey, Fitzgerald T",fitzgeraldgodfrey@example.com,1,93,82c08d1a560444c2a8ec,Yes,2026-06-14T09:05:34.767,4,9300.0
"Cadwallader, Fitzgerald F",fitzgeraldcadwallader@example.com,1,86,242ac416ae4c45b8a43e,Yes,2026-06-12T12:53:52.498,38,8600.0
"Cholmondeley, Ignatius J",ignatiuscholmondeley@example.com,1000,1898,099e9b42ec8c462eaf3b,Yes,2026-06-20T03:31:19.882,18,189.8
"Grimsby, Solveig L",solveiggrimsby@example.com,5000,9452,60ab2c8cfa184af5a821,Yes,2026-06-20T23:33:22.107,28,189.04
"Locksley, Leopold P",leopoldlocksley@example.com,1000,1885,4ba63134939848a1bcad,Yes,2026-06-16T02:22:22.581,7,188.5
"Ellsworth, Octavian E",octavianellsworth@example.com,5000,9407,13c5137a036147a89477,Yes,2026-06-29T20:56:12.930,12,188.14
"Northcote, Ignatius C",ignatiusnorthcote@example.com,1000,1880,1c8997d090e94dcb8d90,Yes,2026-06-21T11:37:12.744,3,188.0
"Vandersloot, Reginald E",reginaldvandersloot@example.com,5000,9367,7a89d10c20b7400da06f,Yes,2026-06-12T20:08:48.258,39,187.34
"Nethercott, Everard C",everardnethercott@example.com,1000,1866,a81712bd9e264427bbc4,Yes,2026-06-19T12:52:49.095,20,186.6
"Rutherford, Vivienne E",viviennerutherford@example.com,8000,14797,6406a0ab7b95473fbc23,Yes,2026-06-15T02:56:09.370,29,184.96
"Ainsworth, Peregrine H",peregrineainsworth@example.com,8000,14698,d580b297235a4bcca499,Yes,2026-06-21T22:13:33.065,8,183.72
"Kettering, Bexley F",bexleykettering@example.com,20000,36638,d4a2d4378b4e439c800b,Yes,2026-06-16T10:41:07.291,23,183.19
"Braithwaite, Alaric G",alaricbraithwaite@example.com,5000,9059,53e3f6394200472fa08b,Yes,2026-06-16T02:40:16.948,18,181.18
"Kensington, Anthea B",antheakensington@example.com,5000,9016,49f4b0bc06d34020838c,Yes,2026-06-23T05:12:42.117,37,180.32
"Nethercott, Everard S",everardnethercott2@example.com,1000,1799,b6f5d0135fed4531b9c6,Yes,2026-06-07T16:05:49.021,29,179.9
"Satterthwaite, Calanthe W",calanthesatterthwaite@example.com,1000,1798,88b5aebc6ccb406092d7,Yes,2026-06-14T12:45:02.639,33,179.8
"Voskuijlen, Seraphina F",seraphinavoskuijlen@example.com,8000,14356,4cef59a953ab49e88b0d,Yes,2026-06-22T20:50:03.516,24,179.45
"Blackwood, Zephyrine P",zephyrineblackwood@example.com,10000,17860,893dbfc618e945369eca,Yes,2026-06-30T18:50:49.876,26,178.6
"Kettering, Marguerite C",margueritekettering@example.com,1000,1757,710d18d8df244eec899c,Yes,2026-06-10T06:22:38.962,19,175.7
"Zabrowski, Zinnia A",zinniazabrowski@example.com,1000,1754,5db75288e0a64b07b4a7,Yes,2026-06-28T21:10:09.609,26,175.4
"Cholmondeley, Bartholomew K",bartholomewcholmondeley@example.com,20000,35045,7f0a10c8f4324734b1d3,Yes,2026-06-18T17:29:34.861,5,175.23
"Fairbanks, Rafferty G",raffertyfairbanks@example.com,5000,8730,5fe4d8604ab64dc6b753,Yes,2026-06-27T02:24:47.585,14,174.6
"Illingworth, Delphine E",delphineillingworth@example.com,5000,8728,389a12a52ea64236b699,Yes,2026-06-17T00:45:12.008,28,174.56
"Hawthorne, Barnaby D",barnabyhawthorne@example.com,1000,1734,bf490752307748f59584,Yes,2026-06-15T00:44:41.733,18,173.4
"Duckworth, Thaddeus L",thaddeusduckworth@example.com,15000,25996,4388d7f80ee04362a3fc,Yes,2026-06-03T01:15:34.972,39,173.31
"Voskuijlen, Cosima H",cosimavoskuijlen@example.com,1000,1731,dc64e9e697f84cd08550,Yes,2026-06-26T15:01:36.936,19,173.1
"Dunmore, Lysander C",lysanderdunmore@example.com,5000,8593,f8b9045413be4d22a926,Yes,2026-06-01T20:28:00.534,24,171.86
"Ivorson, Cornelius D",corneliusivorson@example.com,8000,13703,b3e411dd80a94cdbae1b,Yes,2026-06-14T10:18:42.543,31,171.29
"Villanueva, Ulyssa T",ulyssavillanueva@example.com,8000,13686,5d553b69d2cb4d7fa6ea,Yes,2026-06-27T23:47:49.943,31,171.07
"Merriweather, Millicent B",millicentmerriweather@example.com,1000,1708,cd3e1e9432a1447d8aca,Yes,2026-06-03T13:17:19.217,18,170.8
"Kirkpatrick, Percy M",percykirkpatrick@example.com,1000,1706,8a772365f93444ffa26b,Yes,2026-06-24T23:04:47.537,3,170.6
"Yelverton, Dashiell H",dashiellyelverton@example.com,8000,13643,bbcbe1b8bff34e7f8aa6,Yes,2026-05-31T12:57:38.396,23,170.54
"Wexford, Xanthe D",xanthewexford@example.com,10000,16985,63fda18c3c3a42fc97fa,Yes,2026-06-01T13:54:18.976,35,169.85
"Fairweather, Arabella B",arabellafairweather@example.com,5000,8492,0778028f95104028b2ff,Yes,2026-06-11T22:27:28.900,26,169.84
"Quartermaine, Ottoline W",ottolinequartermaine@example.com,1000,1697,6357f70b091143fe95d3,Yes,2026-06-27T02:28:17.921,10,169.7
"Thornbury, Wilhelmina L",wilhelminathornbury@example.com,15000,25433,05c3f2fde56b49458443,Yes,2026-06-27T10:10:02.100,1,169.55
"Wetherby, Ottilie F",ottiliewetherby@example.com,1000,1682,0042fd4c2ccd45038c07,Yes,2026-06-15T12:23:16.641,36,168.2
"Yardley, Bartholomew G",bartholomewyardley@example.com,5000,8329,b1c6932d9dc24bcf9d71,Yes,2026-06-09T01:55:12.471,29,166.58
"Locksley, Cordelia G",cordelialocksley@example.com,8000,13203,841e13e01e4540d7bc6c,Yes,2026-06-02T09:42:14.419,6,165.04
"Fotheringham, Wilhelmina N",wilhelminafotheringham@example.com,1000,1646,ce1ef86906764d1bb8d3,Yes,2026-06-03T13:25:42.792,10,164.6
"Bletchley, Calanthe B",calanthebletchley@example.com,15000,24552,5bb0cfa1db8a4a8f8fc9,Yes,2026-06-05T07:28:23.478,7,163.68
"Ashworth, Silvanus M",silvanusashworth@example.com,10000,16043,6b088c0ff54b495d9889,Yes,2026-06-07T10:16:56.706,5,160.43
"Edgecombe, Georgiana D",georgianaedgecombe@example.com,15000,24048,8674599626c248fb8ef8,Yes,2026-06-15T07:14:23.164,22,160.32
"Jessamine, Persephone L",persephonejessamine@example.com,5000,7956,6c5c410f70fc43d6b6c7,Yes,2026-06-19T10:18:16.518,1,159.12
"Ainsworth, Antigone P",antigoneainsworth@example.com,5000,7794,54c726a4fd9d4794bb2d,No,2026-06-16T03:39:39.496,7,155.88
"Abernathy, Genevieve J",genevieveabernathy@example.com,15000,23366,0ec8a50244504c53adc5,Yes,2026-06-23T09:35:02.119,12,155.77
"Marchetti, Bartholomew E",bartholomewmarchetti@example.com,5000,7784,c25a17f80d8b42ffa52b,Yes,2026-06-08T23:39:03.632,9,155.68
"Quigley, Bramwell P",bramwellquigley@example.com,1000,1556,39b572ab7c7745c5aca2,Yes,2026-06-14T22:36:35.015,23,155.6
"Uxbridge, Silvanus S",silvanusuxbridge@example.com,8000,12418,1619d1fe50e84737b6e5,Yes,2026-06-22T08:14:18.828,13,155.22
"Kirkpatrick, Arabella E",arabellakirkpatrick@example.com,5000,7690,b379b6d1a9d04727b844,Yes,2026-06-09T17:48:16.110,8,153.8
"Attenborough, Torsten C",torstenattenborough@example.com,1000,1503,4163edfdb36c4a4d9104,Yes,2026-06-26T13:21:44.324,18,150.3
"Quigley, Georgiana T",georgianaquigley@example.com,5000,7282,de92dbee7ece42388428,Yes,2026-06-23T14:51:56.349,14,145.64
"Marchetti, Verity G",veritymarchetti2@example.com,5000,7257,476b59452fd8491bbae5,Yes,2026-06-09T05:01:07.103,29,145.14
"Pennington, Henrietta M",henriettapennington@example.com,1000,1449,57a41fd0e33f4ffcaf55,Yes,2026-06-30T00:03:05.518,5,144.9
"Crenshaw, Genevieve N",genevievecrenshaw@example.com,1000,1444,efe4c0fcfd1e42a0aa74,Yes,2026-06-21T15:04:00.661,36,144.4
"Marchetti, Percival J",percivalmarchetti@example.com,1000,1439,c17e8e9608ce4065b63f,Yes,2026-06-23T04:36:04.859,22,143.9
"Fotheringham, Evangeline S",evangelinefotheringham2@example.com,1000,1417,790eecdd24494c13a0fc,Yes,2026-06-18T06:52:43.091,5,141.7
"Quigley, Corwin F",corwinquigley@example.com,10000,14040,9d779af7352642459ede,Yes,2026-06-20T00:56:54.080,14,140.4
"Illingworth, Nikolai S",nikolaiillingworth@example.com,1000,1389,f75f41bc400b4435b9bd,Yes,2026-06-02T21:24:32.376,9,138.9
"Kirkpatrick, Antigone B",antigonekirkpatrick@example.com,5000,6834,408b0b6a8ddc42dabb67,Yes,2026-06-09T21:24:32.754,9,136.68
"Kirkpatrick, Cosima B",cosimakirkpatrick@example.com,20000,27316,4e849ec8cb5f49b58437,Yes,2026-06-24T09:28:07.096,2,136.58
"Darlington, Corwin B",corwindarlington@example.com,5000,6800,3a57872213544def93ee,Yes,2026-06-15T08:10:17.634,29,136.0
"Ziegler, Zinnia A",zinniaziegler@example.com,5000,6789,3258e99cf6294ee7ad96,Yes,2026-06-10T02:07:01.562,31,135.78
"Kensington, Antigone T",antigonekensington@example.com,8000,10838,66c35b43290044c48438,Yes,2026-06-05T12:01:54.147,35,135.47
"Galbraith, Ottilie G",ottiliegalbraith@example.com,8000,10799,97e52c548ede4019a567,Yes,2026-06-09T22:12:05.743,39,134.99
"Ockendon, Fitzgerald C",fitzgeraldockendon@example.com,8000,10771,7d6ab02b1e0c4a07ba5b,Yes,2026-06-13T10:58:14.472,24,134.64
"Ziegler, Odalys H",odalysziegler@example.com,1000,1343,a7185665cb594807818d,Yes,2026-06-25T15:18:11.703,8,134.3
"Pennington, Nikolai G",nikolaipennington@example.com,1000,1343,2307a6af343b4051b83e,Yes,2026-06-25T09:03:33.819,35,134.3
"Voskuijlen, Ottilie E",ottilievoskuijlen@example.com,15000,20140,9c896141d8024a2e9446,Yes,2026-06-03T10:34:33.108,26,134.27
"Thornbury, Persephone P",persephonethornbury2@example.com,5000,6678,8e0ddfe8dfaf40ccb9f2,Yes,2026-06-18T09:18:00.969,19,133.56
"Satterthwaite, Leopold C",leopoldsatterthwaite@example.com,10000,13288,279909b884164408b6ec,Yes,2026-06-25T08:17:00.244,1,132.88
"Harrington, Percival M",percivalharrington@example.com,1000,1323,658594978bac452f91d4,Yes,2026-06-12T14:40:16.886,16,132.3
"Cadwallader, Ottilie F",ottiliecadwallader@example.com,1000,1322,9b0edc698a6e45169df2,Yes,2026-06-16T00:54:19.281,25,132.2
"Jorgensen, Marguerite G",margueritejorgensen@example.com,5000,6560,82daeb6532204123a81d,Yes,2026-05-31T23:40:54.932,6,131.2
"Galbraith, Lachlan P",lachlangalbraith@example.com,8000,10448,1035c83743804e0cbc90,Yes,2026-06-13T21:32:57.362,12,130.6
"Hawthorne, Beatrix G",beatrixhawthorne@example.com,5000,6490,f3c46af7b02940a49245,Yes,2026-06-25T23:57:43.694,4,129.8
"Duckworth, Antigone A",antigoneduckworth@example.com,5000,6468,8cd6c741dd744b4ab5f1,Yes,2026-06-09T09:33:30.327,30,129.36
"Thornbury, Percival H",percivalthornbury@example.com,8000,10347,72f7adfec58046e2b6cc,Yes,2026-06-25T19:40:15.967,1,129.34
"Wetherby, Silvanus L",silvanuswetherby@example.com,10000,12735,f10cbd218f7e408484a7,Yes,2026-06-11T22:19:58.496,26,127.35
"Pennington, Arabella D",arabellapennington@example.com,1000,1262,c0b2ada260ab404592e7,Yes,2026-06-21T14:11:33.336,24,126.2
"Underhill, Barnaby C",barnabyunderhill@example.com,1000,1258,927f370ac4114638a363,Yes,2026-06-06T13:01:14.736,3,125.8
"Oxenford, Beatrix E",beatrixoxenford@example.com,8000,10043,37aac1b4253b45f4821b,Yes,2026-06-21T18:44:50.205,6,125.54
"Thornbury, Wilhelm P",wilhelmthornbury@example.com,5000,6268,4bf10eab7e6d4f1f830d,Yes,2026-06-17T15:00:44.389,27,125.36
"Dunmore, Theodora D",theodoradunmore@example.com,5000,6267,0d4eae73474c4fb58bdb,Yes,2026-06-08T18:26:57.091,27,125.34
"Ainsworth, Lachlan E",lachlanainsworth@example.com,5000,6243,287f6ca3ad2640d3923e,Yes,2026-06-21T13:33:03.438,36,124.86
"Vandersloot, Ulyssa H",ulyssavandersloot@example.com,5000,6241,ee8862ae9f714aa8bc15,Yes,2026-06-13T01:07:16.257,29,124.82
"Pembrooke, Cassian T",cassianpembrooke@example.com,1000,1245,c778f97fd39d46c5b90b,Yes,2026-06-30T17:37:40.615,31,124.5
"Ellsworth, Casimir L",casimirellsworth@example.com,20000,24829,ab6c268e163f4e50b119,Yes,2026-06-01T01:45:59.680,9,124.14
"Ivorson, Endellion L",endellionivorson@example.com,1000,1239,e11f8c30904241d3a09e,Yes,2026-06-06T05:14:05.177,3,123.9
"Godfrey, Percy R",percygodfrey@example.com,5000,6151,838802f13ada4555b9ac,Yes,2026-06-12T04:30:58.803,9,123.02
"Kettering, Zinnia S",zinniakettering2@example.com,5000,6146,41735c3e947c4817955e,Yes,2026-06-26T04:50:57.057,34,122.92
"Braithwaite, Wendeline K",wendelinebraithwaite@example.com,5000,6142,7313c44f154b4825869a,Yes,2026-06-07T20:16:35.594,36,122.84
"Galbraith, Alaric R",alaricgalbraith@example.com,1000,1225,53cd9ad38b494c58a6d1,Yes,2026-06-15T20:53:09.534,17,122.5
"Zabrowski, Cosima J",cosimazabrowski2@example.com,15000,18301,c0b70d824a094079ae7e,Yes,2026-06-23T21:21:46.733,3,122.01
"Ockendon, Beatrix F",beatrixockendon@example.com,5000,6100,3e4274e9bb964135a179,Yes,2026-06-18T19:33:09.234,40,122.0
"Ashworth, Xanthe M",xantheashworth@example.com,1000,1218,076bd5016b2c404bb362,Yes,2026-06-28T09:25:15.972,21,121.8
"Kirkpatrick, Cornelius H",corneliuskirkpatrick@example.com,5000,6084,a106685e87c141659612,Yes,2026-06-13T06:16:13.332,19,121.68
"Pennington, Ignatius C",ignatiuspennington@example.com,5000,6036,624a4bd8e0354fed965e,Yes,2026-06-30T17:16:08.142,5,120.72
"Wetherby, Beatrix H",beatrixwetherby@example.com,5000,5979,ff353477b225452b9a47,Yes,2026-06-22T02:53:38.561,6,119.58
"Edgecombe, Cordelia L",cordeliaedgecombe@example.com,8000,9559,f7abec90cb784d20b015,Yes,2026-06-08T19:18:11.650,3,119.49
"Bletchley, Georgiana P",georgianabletchley@example.com,8000,9554,71e0f9d6c59a4b899b19,Yes,2026-06-22T07:10:41.082,7,119.42
"Fotheringham, Yorick N",yorickfotheringham2@example.com,1000,1182,70f14557be174f1ba547,Yes,2026-06-25T11:33:20.887,13,118.2
"Northcote, Rafferty P",raffertynorthcote@example.com,8000,9455,8c4f0e9fc1664153a897,Yes,2026-06-30T13:32:35.200,38,118.19
"Merriweather, Ottoline J",ottolinemerriweather@example.com,1000,1171,6fc51831f58548958357,Yes,2026-06-10T11:35:09.503,9,117.1
"Duckworth, Thibault C",thibaultduckworth@example.com,5000,5838,6bbc2533fe6e4cf493b6,No,2026-06-19T09:33:54.124,29,116.76
"Wexford, Verity A",veritywexford@example.com,1000,1167,06d6450149cf45798f3e,Yes,2026-06-22T14:28:54.534,39,116.7
"Marchetti, Verity F",veritymarchetti@example.com,5000,5832,18804d889ed64774983b,Yes,2026-06-23T20:21:59.555,13,116.64
"Jankowski, Bartholomew B",bartholomewjankowski@example.com,1000,1161,033dffb5ca0147b28b64,Yes,2026-06-30T16:01:57.675,36,116.1
"Abernathy, Torsten H",torstenabernathy@example.com,5000,5784,43229435f1224d9e9b6d,Yes,2026-06-12T02:53:08.692,26,115.68
"Wollstonecraft, Everard D",everardwollstonecraft@example.com,1000,1145,5bc0a92c78144557bea9,Yes,2026-06-14T02:17:20.978,34,114.5
"Rosewarne, Marlowe A",marlowerosewarne@example.com,5000,5716,891665205fe24e6ca9a2,Yes,2026-06-25T00:48:26.908,36,114.32
"Jessamine, Balthazar L",balthazarjessamine@example.com,5000,5682,53de8bc225ba422d988d,Yes,2026-06-12T07:13:18.758,13,113.64
"Crenshaw, Isolde R",isoldecrenshaw@example.com,5000,5679,60c4530a037242dba78f,Yes,2026-06-18T06:13:15.194,23,113.58
"Underhill, Millicent A",millicentunderhill@example.com,10000,11312,2b38416b60db46ea8fd3,Yes,2026-06-17T00:08:19.546,4,113.12
"Hollingsworth, Georgiana H",georgianahollingsworth@example.com,8000,9047,90bf0c5428954d14ab67,Yes,2026-06-17T00:31:18.451,36,113.09
"Merriweather, Everard P",everardmerriweather@example.com,8000,9027,1ad74ed0f13d47839667,Yes,2026-06-24T14:00:20.380,28,112.84
"Quartermaine, Dashiell R",dashiellquartermaine@example.com,10000,11284,5c302299a4a14b3782c2,Yes,2026-06-24T11:36:59.779,28,112.84
"Grimsby, Bramwell S",bramwellgrimsby@example.com,1000,1126,0a7f7ab8dfa74e4d8198,Yes,2026-06-08T17:59:16.582,3,112.6
"Stroganov, Octavian F",octavianstroganov2@example.com,1000,1124,41505b16e540427d8208,Yes,2026-06-28T09:23:14.680,28,112.4
"Inglethorpe, Thibault S",thibaultinglethorpe@example.com,15000,16854,587515fec86a4c68821a,Yes,2026-06-12T07:59:08.308,36,112.36
"Ulverston, Ignatius J",ignatiusulverston@example.com,8000,8977,cd0e0cbbc6824bc58b48,Yes,2026-06-15T12:47:34.136,24,112.21
"Inglethorpe, Silvanus A",silvanusinglethorpe@example.com,1000,1122,d02858a54e6841b69e92,Yes,2026-06-02T21:58:54.431,27,112.2
"Edgecombe, Rafferty R",raffertyedgecombe@example.com,1000,1118,9187829e9b894f448c78,Yes,2026-06-29T07:33:11.208,3,111.8
"Hawthorne, Rafferty K",raffertyhawthorne@example.com,15000,16764,547bbed29271420a804b,Yes,2026-06-20T16:54:40.963,21,111.76
"Vandersloot, Rosamund D",rosamundvandersloot@example.com,10000,11152,edca4596276b49399919,Yes,2026-06-11T07:56:09.690,24,111.52
"Ockendon, Wendeline P",wendelineockendon@example.com,5000,5553,1067ba649bd34014bf2b,Yes,2026-06-12T00:38:01.051,7,111.06
"Jankowski, Clementine P",clementinejankowski@example.com,1000,1108,9e7d35ac47e1498983d5,Yes,2026-06-13T04:28:11.108,23,110.8
"Wetherby, Ferdinand W",ferdinandwetherby@example.com,1000,1104,277f6944d4904198a26b,Yes,2026-06-18T07:15:03.300,30,110.4
"Ashworth, Antigone D",antigoneashworth@example.com,10000,10994,dcd5c9e3ffb543ca84cc,Yes,2026-06-14T08:18:37.358,7,109.94
"Everhart, Ambrose S",ambroseeverhart@example.com,20000,21966,3ee3ead9aa8746129e11,Yes,2026-05-31T18:38:54.321,25,109.83
"Fotheringham, Lachlan W",lachlanfotheringham@example.com,1000,1092,ee64bee9696d43fe80df,Yes,2026-06-13T23:27:14.910,28,109.2
"Voskuijlen, Wendeline N",wendelinevoskuijlen@example.com,8000,8649,b1b48a9052e14b03a9a4,Yes,2026-06-15T14:36:21.779,25,108.11
"Darlington, Rafferty J",raffertydarlington2@example.com,1000,1080,b313c3e7c26647e785ce,Yes,2026-06-14T23:11:04.339,23,108.0
"Jorgensen, Lucius C",luciusjorgensen@example.com,8000,8600,7f5194b9dfd44b58851d,Yes,2026-06-14T12:59:50.656,13,107.5
"Blackwood, Wendeline R",wendelineblackwood@example.com,1000,1072,7ab7dabb421e4f3e8d9c,Yes,2026-06-12T15:13:34.211,31,107.2
"Oxenford, Genevieve N",genevieveoxenford@example.com,10000,10672,e6389827f5df4eeda134,Yes,2026-06-09T20:05:07.931,18,106.72
"Braithwaite, Henrietta J",henriettabraithwaite@example.com,5000,5327,b776c21f55cf427599aa,Yes,2026-06-05T05:59:37.423,2,106.54
"Ulverston, Solveig G",solveigulverston@example.com,20000,21252,7099ede847f746e992d5,Yes,2026-06-24T14:04:38.848,33,106.26
"Darlington, Zephyrine T",zephyrinedarlington@example.com,1000,1060,3a222275b96147388658,Yes,2026-06-23T20:53:53.126,14,106.0
"Fotheringham, Yorick H",yorickfotheringham@example.com,1000,1059,afa7dcf932f74f17abe1,Yes,2026-06-12T12:56:13.895,38,105.9
"Kirkpatrick, Bartholomew F",bartholomewkirkpatrick@example.com,5000,5271,e05c0262ca9b400e8798,Yes,2026-06-19T17:37:43.985,10,105.42
"Yardley, Nikolai P",nikolaiyardley@example.com,10000,10521,432375c4b3e54f60824b,Yes,2026-06-05T02:23:55.131,2,105.21
"Kettering, Fitzgerald D",fitzgeraldkettering@example.com,8000,8414,48c781b814e24e1bbec0,Yes,2026-06-18T10:48:38.077,4,105.17
"Ziegler, Cosima B",cosimaziegler2@example.com,5000,5249,aadd97cdd1cc4c5bb578,Yes,2026-06-04T01:51:44.222,19,104.98
"Ulverston, Xanthe G",xantheulverston@example.com,8000,8392,d8e9fd727c2040378c5d,Yes,2026-06-08T22:31:08.635,34,104.9
"Jankowski, Ottilie J",ottiliejankowski@example.com,5000,5245,ea3b7cf656384399891d,Yes,2026-06-14T00:21:37.409,28,104.9
"Wexford, Millicent C",millicentwexford@example.com,8000,8357,8d2a6c28ca7c46eeb1e0,Yes,2026-06-09T09:50:58.786,37,104.46
"Nightingale, Wendeline M",wendelinenightingale2@example.com,1000,1043,bef0b58a0aa14f28824e,Yes,2026-06-18T02:46:36.514,6,104.3
"Abernathy, Xanthe G",xantheabernathy@example.com,1000,1042,d3a12612ca2d4e0389be,Yes,2026-06-29T07:02:50.653,24,104.2
"Ivorson, Cosima J",cosimaivorson@example.com,15000,15570,b07efce856db4973ba5d,Yes,2026-06-14T04:00:58.048,24,103.8
"Bletchley, Philippa L",philippabletchley@example.com,10000,10346,5046c1c44cc54b3c93cd,Yes,2026-06-24T20:34:52.837,29,103.46
"Illingworth, Cosima G",cosimaillingworth@example.com,1000,1034,8fbc54d892bb49d8bc9e,Yes,2026-06-04T11:40:41.149,13,103.4
"Ashworth, Delphine P",delphineashworth@example.com,5000,5153,9842aa4817004aa9a1ad,Yes,2026-06-29T10:51:13.783,29,103.06
"Ivorson, Quillan P",quillanivorson@example.com,5000,5140,81ab566ce8f6430e8eab,Yes,2026-06-23T16:35:13.503,4,102.8
"Hollingsworth, Percival G",percivalhollingsworth@example.com,8000,8201,ef75e99a88c9450a8e2d,Yes,2026-06-04T09:32:45.718,29,102.51
"Bletchley, Leopold B",leopoldbletchley@example.com,10000,10241,4de95bd3ddca4e9896d8,Yes,2026-06-19T16:41:28.595,5,102.41
"Illingworth, Wilhelm T",wilhelmillingworth@example.com,15000,15343,5014a24b81e74a4eb986,Yes,2026-06-23T15:04:29.714,24,102.29
"Illingworth, Georgiana E",georgianaillingworth@example.com,8000,8176,461e20f267ba47a6acb0,Yes,2026-06-21T18:28:56.078,16,102.2
"Rosewarne, Lucius B",luciusrosewarne@example.com,8000,8170,595c9c8dc802453ab9a5,Yes,2026-06-26T15:28:55.570,40,102.12
"Tremaine, Montgomery J",montgomerytremaine@example.com,1000,1020,53941187aecc45019950,Yes,2026-06-28T10:35:33.242,33,102.0
"Fairbanks, Horatio T",horatiofairbanks@example.com,8000,8159,68a032a065214b5fa723,Yes,2026-06-01T15:05:24.776,13,101.99
"Wetherby, Endellion B",endellionwetherby@example.com,1000,1016,a61b719b1e15442cba3b,Yes,2026-06-23T01:32:19.919,37,101.6
"Ockendon, Wilhelm M",wilhelmockendon@example.com,1000,1014,0b33acd770d5404da88c,Yes,2026-06-24T16:31:33.312,32,101.4
"Braithwaite, Ulyssa M",ulyssabraithwaite@example.com,8000,8094,651d257783e046bb9921,Yes,2026-06-08T06:56:35.573,17,101.17
"Locksley, Ulyssa M",ulyssalocksley@example.com,5000,5017,3de6ce9982794cd59798,Yes,2026-06-07T10:09:27.045,20,100.34
"Hollingsworth, Bexley K",bexleyhollingsworth@example.com,1000,1002,8ff560b0d543477f8263,Yes,2026-06-01T06:43:08.654,28,100.2
"Prendergast, Silvanus T",silvanusprendergast@example.com,5000,4995,d7a8e24f764046429188,Yes,2026-06-27T14:35:42.968,32,99.9
"Fairbanks, Fennimore M",fennimorefairbanks@example.com,1000,999,25584bb487a74277ac23,Yes,2026-06-29T07:35:10.572,15,99.9
"Ziegler, Theodora T",theodoraziegler@example.com,10000,9969,3650035613ea46f68231,Yes,2026-06-19T22:40:34.735,8,99.69
"Trelawney, Lysander B",lysandertrelawney@example.com,5000,4967,d5cb416774d2436c8d94,Yes,2026-06-13T09:49:54.103,40,99.34
"Carmichael, Ottilie D",ottiliecarmichael3@example.com,5000,4943,da087f4167ca401ea436,Yes,2026-06-13T22:41:25.513,25,98.86
"Vandersloot, Henrietta N",henriettavandersloot@example.com,1000,988,9dde3e8092fe467d9fae,Yes,2026-06-11T10:58:34.354,11,98.8
"Locksley, Percival N",percivallocksley@example.com,1000,986,b6b109bce8db4fb1a8d8,Yes,2026-06-09T00:53:19.183,16,98.6
"Yardley, Beatrix J",beatrixyardley@example.com,1000,983,59523068471f443186ca,Yes,2026-06-17T22:06:00.937,25,98.3
"Ulverston, Marisole R",marisoleulverston2@example.com,5000,4911,a24433a8bd7c46779bb7,Yes,2026-06-25T17:05:54.400,17,98.22
"Marchetti, Ottilie J",ottiliemarchetti@example.com,10000,9816,fff9709185434bc9a79b,Yes,2026-06-07T19:58:31.188,15,98.16
"Rutherford, Montgomery R",montgomeryrutherford@example.com,5000,4907,b3249af66f554231b6bb,Yes,2026-06-27T13:51:27.155,9,98.14
"Uxbridge, Georgiana H",georgianauxbridge@example.com,1000,980,c42a91907eda451e8101,Yes,2026-06-24T23:56:11.114,22,98.0
"Nethercott, Ambrose C",ambrosenethercott@example.com,10000,9770,f8ed53f0ebe547e197ef,Yes,2026-06-26T04:19:35.040,35,97.7
"Grimsby, Wilhelm A",wilhelmgrimsby@example.com,15000,14618,d49438400b964a5c8784,Yes,2026-06-09T03:57:16.057,23,97.45
"Lindqvist, Marguerite H",margueritelindqvist2@example.com,1000,974,e2163b723e2343b7b84e,Yes,2026-06-03T03:15:50.478,4,97.4
"Yelverton, Marguerite M",margueriteyelverton@example.com,1000,973,ce18cca38d274e98930c,Yes,2026-06-28T21:32:58.580,37,97.3
"Dunmore, Henrietta S",henriettadunmore@example.com,1000,971,f8931d3a22504c19b6e7,Yes,2026-06-17T07:43:10.466,35,97.1
"Edgecombe, Nikolai T",nikolaiedgecombe@example.com,8000,7760,988a874f69ca4b7a99f8,Yes,2026-06-13T00:57:58.641,3,97.0
"Ockendon, Dashiell R",dashiellockendon@example.com,8000,7725,52030018f8a8404aaf2d,Yes,2026-06-05T19:03:59.748,14,96.56
"Tremaine, Everard L",everardtremaine@example.com,5000,4823,5e0c3281a9034dd784fd,Yes,2026-06-08T18:32:58.438,4,96.46
"Darlington, Isolde W",isoldedarlington@example.com,1000,962,266c464f08744e2c9270,Yes,2026-06-11T10:32:35.893,34,96.2
"Kensington, Leopold N",leopoldkensington@example.com,5000,4787,fad895c2a7a6461eaa93,Yes,2026-06-07T10:36:51.203,23,95.74
"Northcote, Georgiana H",georgiananorthcote@example.com,1000,957,43e07d8d8dd540199bea,Yes,2026-06-02T04:18:56.048,39,95.7
"Zabrowski, Antigone F",antigonezabrowski@example.com,15000,14349,c0676702aa0e4a2181c4,Yes,2026-06-11T03:20:38.919,32,95.66
"Ellsworth, Fennimore T",fennimoreellsworth@example.com,5000,4765,f1fe16cbe7ca4d10b4a4,Yes,2026-06-27T10:04:54.777,20,95.3
"Kettering, Barnaby L",barnabykettering@example.com,10000,9488,42cb48ddefc941238f10,Yes,2026-06-11T16:09:48.409,2,94.88
"Oxenford, Genevieve S",genevieveoxenford2@example.com,10000,9487,b3784850640849b7a872,Yes,2026-06-24T05:32:45.408,18,94.87
"Quartermaine, Fitzgerald K",fitzgeraldquartermaine@example.com,5000,4740,77db1f8240304f7bae9e,Yes,2026-06-04T00:28:27.044,19,94.8
"Harrington, Zephyrine W",zephyrineharrington@example.com,10000,9477,8246742c5e6a4f0698d4,Yes,2026-06-14T20:36:30.157,11,94.77
"Oxenford, Georgiana R",georgianaoxenford@example.com,1000,940,e77b1ee2a54b42bdbbc0,Yes,2026-05-31T19:09:39.985,36,94.0
"Vandersloot, Balthazar P",balthazarvandersloot2@example.com,1000,940,6754178c67014f3988e6,Yes,2026-06-25T12:49:22.112,37,94.0
"Inglethorpe, Rosamund S",rosamundinglethorpe@example.com,5000,4699,63589d1ac9be43b39c71,Yes,2026-06-17T06:47:03.751,29,93.98
"Ulverston, Bexley M",bexleyulverston@example.com,15000,14065,82fa1073f77141ef90dd,Yes,2026-06-02T18:55:41.882,14,93.77
"Jessamine, Leopold L",leopoldjessamine@example.com,1000,934,0905263dc8a4460794a1,Yes,2026-06-09T22:30:46.768,28,93.4
"Trelawney, Barnaby F",barnabytrelawney@example.com,5000,4663,3764a4e5bec64993839a,Yes,2026-06-03T14:42:53.186,5,93.26
"Beaumont, Cordelia W",cordeliabeaumont@example.com,8000,7452,11eca88268fb4ba79fd1,Yes,2026-06-12T16:21:36.058,36,93.15
"Ulverston, Wilhelmina S",wilhelminaulverston@example.com,10000,9304,5f7ed7acdb1c40f6b3a8,Yes,2026-06-30T07:42:56.494,7,93.04
"Yardley, Ulyssa L",ulyssayardley@example.com,10000,9284,2c2f5f1faeec46c49556,Yes,2026-06-05T13:24:32.699,26,92.84
"Harrington, Odalys K",odalysharrington@example.com,1000,928,b835b4b584bd49189a04,Yes,2026-06-11T01:29:21.686,36,92.8
"Ollivander, Endellion E",endellionollivander@example.com,10000,9273,ee044a2d3039421e8289,Yes,2026-06-10T09:40:05.619,21,92.73
"Crenshaw, Everard P",everardcrenshaw@example.com,5000,4620,aa0098ff1e934a9fb723,Yes,2026-06-03T16:34:22.709,33,92.4
"Quennell, Arabella F",arabellaquennell@example.com,15000,13856,cdf9998386334bc38ad9,Yes,2026-06-13T04:29:50.726,33,92.37
"Dunmore, Bartholomew M",bartholomewdunmore@example.com,10000,9236,151f63e95b924a9197e3,Yes,2026-06-12T17:54:11.520,30,92.36
"Voskuijlen, Beatrix D",beatrixvoskuijlen@example.com,20000,18447,2e47de12413541b79c32,Yes,2026-06-01T12:42:42.258,4,92.23
"Jessamine, Lachlan E",lachlanjessamine@example.com,1000,922,4fcceb35548541079753,Yes,2026-06-22T02:26:24.733,5,92.2
"Wetherby, Arabella P",arabellawetherby@example.com,8000,7364,1edafa498c034f97a15c,Yes,2026-06-16T22:43:57.832,25,92.05
"Darlington, Rafferty W",raffertydarlington@example.com,20000,18390,5279b28a9e63425992f0,Yes,2026-07-01T04:16:36.560,2,91.95
"Grimsby, Thibault B",thibaultgrimsby@example.com,10000,9163,b7918bb9d0ff4652986a,Yes,2026-06-21T19:09:52.028,17,91.63
"Quennell, Octavian N",octavianquennell@example.com,5000,4581,f11b7d998bf44a0eb645,Yes,2026-06-06T02:09:05.402,38,91.62
"Yelverton, Philippa P",philippayelverton@example.com,1000,916,0f85d84194fb440197f2,Yes,2026-06-20T22:48:17.778,4,91.6
"Fotheringham, Ignatius R",ignatiusfotheringham@example.com,1000,914,392ef54b14664b3b83e1,Yes,2026-06-15T21:07:07.375,17,91.4
"Satterthwaite, Lucius T",luciussatterthwaite3@example.com,5000,4570,16c586ae5b354be79a2d,Yes,2026-06-04T18:47:56.475,16,91.4
"Pennington, Endellion G",endellionpennington@example.com,1000,911,b488d640934046f89f22,Yes,2026-06-10T08:29:23.526,7,91.1
"Ivorson, Thibault P",thibaultivorson@example.com,10000,9106,9c2ef4f7ce45455d800a,No,2026-06-24T10:03:50.001,29,91.06
"Hollingsworth, Cornelius J",corneliushollingsworth@example.com,5000,4536,151e1a641f1d499ca941,Yes,2026-06-06T21:11:13.035,16,90.72
"Voskuijlen, Wilhelmina M",wilhelminavoskuijlen@example.com,8000,7254,4d4826410c544c489aea,Yes,2026-06-08T16:37:34.223,17,90.67
"Jessamine, Dashiell R",dashielljessamine@example.com,15000,13517,01587e8592ef472faec1,Yes,2026-06-10T23:58:11.196,10,90.11
"Grimsby, Zinnia S",zinniagrimsby@example.com,1000,901,574bfcf2f3294df9a24a,Yes,2026-06-24T03:36:44.836,30,90.1
"Lattimore, Rosalind T",rosalindlattimore@example.com,10000,9002,5c1d102b8af54769b5a8,Yes,2026-06-18T23:04:16.860,32,90.02
"Thornbury, Rosamund H",rosamundthornbury@example.com,1000,896,53d73725971c44ce8c8f,Yes,2026-06-04T00:46:11.861,8,89.6
"Prendergast, Horatio E",horatioprendergast@example.com,15000,13418,c3d8c884f85f40bbae35,Yes,2026-06-04T19:23:07.475,10,89.45
"Dunmore, Clementine E",clementinedunmore@example.com,5000,4462,53288a97c9cd49a1ad10,Yes,2026-06-30T15:27:00.640,27,89.24
"Jessamine, Philippa J",philippajessamine@example.com,1000,891,43f7745cc4c24cc3b5cc,Yes,2026-06-01T09:59:58.156,3,89.1
"Abernathy, Leopold D",leopoldabernathy@example.com,15000,13332,fabb94c858e345bb956f,Yes,2026-06-26T15:20:44.352,35,88.88
"Edgecombe, Marlowe K",marloweedgecombe@example.com,5000,4437,4f6afff12bf74e6cb626,Yes,2026-06-27T11:26:40.224,24,88.74
"Sinclair, Theodora P",theodorasinclair@example.com,5000,4416,4c30cf6ca93445239b99,Yes,2026-06-15T12:51:38.449,34,88.32
"Voskuijlen, Zephyrine R",zephyrinevoskuijlen@example.com,1000,881,16e5e008bae9441a8d49,Yes,2026-06-29T06:10:44.085,19,88.1
"Braithwaite, Marguerite R",margueritebraithwaite@example.com,1000,881,a7be7f559b054bdd8cd9,Yes,2026-06-26T15:42:37.176,38,88.1
"Grimsby, Bartholomew T",bartholomewgrimsby@example.com,5000,4403,cab103b4b69f4982ae6d,Yes,2026-06-30T01:43:39.588,8,88.06
"Duckworth, Wilhelm L",wilhelmduckworth@example.com,1000,880,1e64031904bb415aa555,Yes,2026-06-06T14:12:49.768,2,88.0
"Kirkpatrick, Zephyrine N",zephyrinekirkpatrick@example.com,1000,879,3faff3f8b83f4a41bbe9,No,2026-06-16T12:34:37.929,22,87.9
"Northcote, Bramwell L",bramwellnorthcote@example.com,1000,878,c135447bbf484878abe4,Yes,2026-06-11T15:58:07.840,27,87.8
"Kensington, Lachlan J",lachlankensington2@example.com,5000,4388,9a5081ae50be4fec8b76,Yes,2026-06-30T09:48:40.606,22,87.76
"Kensington, Casimir E",casimirkensington@example.com,5000,4383,b305127754cd45ab8e10,Yes,2026-06-24T05:43:54.945,20,87.66
"Kettering, Zinnia F",zinniakettering@example.com,1000,875,e70e51e316ed43e9891e,Yes,2026-06-21T01:36:01.746,28,87.5
"Hollingsworth, Zinnia C",zinniahollingsworth@example.com,1000,875,8224bcbb9fb0428287cd,Yes,2026-06-06T07:42:13.126,18,87.5
"Wexford, Thibault W",thibaultwexford@example.com,5000,4369,8e2caa3816f5479fb8d8,Yes,2026-06-09T02:32:18.371,28,87.38
"Tremaine, Corwin F",corwintremaine@example.com,5000,4337,08c0ad7589a84062b032,Yes,2026-06-18T20:58:11.601,1,86.74
"Jorgensen, Rosalind F",rosalindjorgensen@example.com,5000,4335,497c70e215b940ac8934,Yes,2026-06-06T03:03:41.718,3,86.7
"Carmichael, Ottilie F",ottiliecarmichael2@example.com,1000,867,a257e92b0bf04ca9b1a0,Yes,2026-06-12T20:09:39.328,15,86.7
"Rosewarne, Marguerite T",margueriterosewarne@example.com,5000,4329,08bf13365a6e4766a172,Yes,2026-06-15T16:43:56.291,40,86.58
"Mowbray, Zinnia E",zinniamowbray@example.com,5000,4323,451759886e31468693f6,Yes,2026-06-23T09:37:10.322,30,86.46
"Ulverston, Cordelia J",cordeliaulverston@example.com,1000,864,30974ff49b69487da7f0,Yes,2026-06-17T04:44:29.667,3,86.4
"Quartermaine, Antigone B",antigonequartermaine@example.com,15000,12951,d1eeaa9e168d48e7b325,Yes,2026-06-04T20:30:23.272,11,86.34
"Jessamine, Verity J",verityjessamine@example.com,1000,862,eb33ff22b7df47d08675,Yes,2026-06-17T03:58:22.431,28,86.2
"Stroganov, Casimir L",casimirstroganov@example.com,1000,862,ea76db99d6eb4d74b835,Yes,2026-06-10T08:35:34.182,17,86.2
"Ockendon, Cassian A",cassianockendon@example.com,5000,4306,33adf3e46a42489da45c,Yes,2026-06-16T22:39:59.811,20,86.12
"Ziegler, Horatio K",horatioziegler@example.com,5000,4296,b2d42d8b2a6a44ed89f1,Yes,2026-06-21T10:24:46.836,32,85.92
"Quennell, Bramwell K",bramwellquennell@example.com,5000,4268,79ac29f67a3741e9afca,Yes,2026-06-08T06:16:11.044,19,85.36
"Villanueva, Barnaby G",barnabyvillanueva@example.com,15000,12767,155ffb9f11ec4a80aff8,Yes,2026-06-17T08:02:50.399,31,85.11
"Galbraith, Silvanus D",silvanusgalbraith@example.com,15000,12761,fe3051fd7a9d450d8a5e,Yes,2026-06-21T05:40:08.909,12,85.07
"Prendergast, Fitzgerald G",fitzgeraldprendergast@example.com,8000,6783,a678d61594784f7f9661,Yes,2026-06-05T03:38:34.475,25,84.79
"Tremaine, Vivienne F",viviennetremaine@example.com,8000,6778,b9b01466ba7c4b24971b,Yes,2026-06-08T13:38:30.608,38,84.72
"Quartermaine, Casimir H",casimirquartermaine@example.com,20000,16917,758b922e343d4e22a2f7,Yes,2026-06-25T10:46:02.807,21,84.58
"Fairbanks, Peregrine T",peregrinefairbanks@example.com,5000,4222,8b4bf73a30184907a7f0,Yes,2026-06-12T09:08:40.665,22,84.44
"Nethercott, Persephone H",persephonenethercott2@example.com,5000,4218,7ec03b68f0cb4fa1abe0,Yes,2026-06-20T04:06:32.169,22,84.36
"Satterthwaite, Nikolai C",nikolaisatterthwaite@example.com,5000,4202,03caef936085455cbaf0,Yes,2026-06-11T16:35:52.195,2,84.04
"Bletchley, Marisole M",marisolebletchley@example.com,1000,839,5df99800b070434eb303,Yes,2026-06-16T13:40:02.306,9,83.9
"Lattimore, Bartholomew B",bartholomewlattimore@example.com,1000,839,a990041a4c1040b3a8c6,Yes,2026-06-26T23:47:32.375,25,83.9
"Underhill, Ottoline W",ottolineunderhill@example.com,1000,835,9116e50ba6ed497896e6,Yes,2026-06-10T05:23:57.608,29,83.5
"Wollstonecraft, Ferdinand H",ferdinandwollstonecraft@example.com,1000,832,f2c53d76f5134c108181,Yes,2026-07-01T00:10:58.687,23,83.2
"Northcote, Bartholomew D",bartholomewnorthcote@example.com,5000,4160,ec5ba22ffb27416bb743,Yes,2026-06-20T05:26:05.962,36,83.2
"Inglethorpe, Philippa N",philippainglethorpe@example.com,8000,6636,717d1e278b444b458b14,Yes,2026-06-02T19:04:19.406,38,82.95
"Lindqvist, Leopold G",leopoldlindqvist@example.com,8000,6626,07e62e1dd7564b1cad0a,Yes,2026-06-21T16:45:52.450,17,82.83
"Rosewarne, Arabella L",arabellarosewarne@example.com,1000,827,9c1f172e5fbe46918187,Yes,2026-06-03T00:59:21.294,11,82.7
"Voskuijlen, Ambrose K",ambrosevoskuijlen@example.com,15000,12381,9828ffb4860f4cf193ce,Yes,2026-06-04T13:12:06.362,25,82.54
"Darlington, Leopold T",leopolddarlington@example.com,10000,8254,6690e3206c7043d88644,Yes,2026-06-12T01:23:53.256,35,82.54
"Quartermaine, Rosamund E",rosamundquartermaine@example.com,5000,4127,c9e20bd430114022be95,Yes,2026-06-28T10:40:43.268,40,82.54
"Thornbury, Leopold T",leopoldthornbury@example.com,10000,8219,d69f95081fa84ada98ac,Yes,2026-06-05T22:46:17.306,4,82.19
"Tremaine, Percy F",percytremaine@example.com,5000,4104,6e6fb68532554dbfa649,Yes,2026-06-25T06:52:03.247,28,82.08
"Voskuijlen, Horatio T",horatiovoskuijlen@example.com,15000,12294,2371b738e03149aeb684,Yes,2026-06-12T00:41:51.495,18,81.96
"Mowbray, Thibault T",thibaultmowbray@example.com,8000,6550,aab1c65a807a414aa7eb,Yes,2026-06-04T18:36:12.410,17,81.88
"Oxenford, Casimir J",casimiroxenford@example.com,1000,818,af4d894e31734dba9c3e,Yes,2026-06-22T13:40:53.533,3,81.8
"Harrington, Yorick P",yorickharrington@example.com,8000,6542,95ec04ca75e84b819ea1,Yes,2026-06-15T08:20:29.727,3,81.77
"Attenborough, Xanthe T",xantheattenborough@example.com,8000,6515,e1210d8eda5c4ae1b1a1,Yes,2026-06-03T17:34:45.298,6,81.44
"Thornbury, Endellion C",endellionthornbury@example.com,8000,6514,8ac391d17e3d4ccead43,Yes,2026-06-25T00:01:44.982,40,81.42
"Duckworth, Wendeline K",wendelineduckworth@example.com,1000,814,c111d0e4ed6f450a8247,Yes,2026-06-01T20:19:39.871,40,81.4
"Ziegler, Clementine W",clementineziegler@example.com,1000,814,aad40a50272044d085c7,Yes,2026-06-17T11:20:31.137,35,81.4
"Fairbanks, Calanthe F",calanthefairbanks@example.com,1000,813,f233203037d54c29a56f,Yes,2026-06-06T06:33:52.754,30,81.3
"Ravenscroft, Fennimore W",fennimoreravenscroft@example.com,5000,4050,55b4ae9cabce4b04a2c0,Yes,2026-06-04T03:31:40.644,17,81.0
"Illingworth, Bramwell M",bramwellillingworth@example.com,5000,4041,8380941ee79a4e06939a,Yes,2026-06-23T19:06:10.656,36,80.82
"Quennell, Hesper R",hesperquennell@example.com,15000,12114,31839a5a792642c7bdc5,Yes,2026-06-12T01:08:08.365,9,80.76
"Lattimore, Ignatius D",ignatiuslattimore@example.com,1000,806,58bdb0b5a578418f80dd,Yes,2026-06-02T21:37:49.904,34,80.6
"Carmichael, Beatrix K",beatrixcarmichael@example.com,20000,16088,16b8f90831fa4a159eb6,Yes,2026-06-23T11:50:38.094,11,80.44
"Illingworth, Rosamund D",rosamundillingworth@example.com,10000,8036,5b7ce690e4b3462d859f,Yes,2026-06-29T19:18:09.878,27,80.36
"Kettering, Everard J",everardkettering@example.com,1000,803,f171e60834734b1984f7,Yes,2026-06-28T04:19:36.887,11,80.3
"Nethercott, Thaddeus G",thaddeusnethercott@example.com,15000,12027,ebd0b0618b314384ae0c,Yes,2026-06-11T23:50:35.412,12,80.18
"Dunmore, Elowen K",elowendunmore@example.com,20000,16028,858871c6539a4e4094bd,No,2026-06-01T17:06:15.034,4,80.14
"Vandersloot, Percival G",percivalvandersloot@example.com,8000,6410,394e352b16b54a0fac24,Yes,2026-07-01T00:40:03.075,17,80.12
"Ulverston, Reginald T",reginaldulverston@example.com,5000,4002,3ce81dcb9ed9481ca563,Yes,2026-06-25T01:00:52.993,7,80.04
"Quartermaine, Zinnia K",zinniaquartermaine@example.com,1000,800,97bab9718cd9445786c4,Yes,2026-06-13T10:04:33.623,32,80.0
"Jorgensen, Thaddeus B",thaddeusjorgensen@example.com,5000,3982,54fa34673290471ab33f,Yes,2026-06-13T00:02:15.048,8,79.64
"Merriweather, Balthazar T",balthazarmerriweather@example.com,20000,15924,8e57d78af8fe4ed9bae2,Yes,2026-06-11T13:11:50.645,16,79.62
"Harrington, Xanthe W",xantheharrington2@example.com,5000,3976,2b9f6fce170d41029d4a,Yes,2026-06-08T12:46:33.634,30,79.52
"Ockendon, Silvanus M",silvanusockendon@example.com,1000,795,3071a3c0f27841539f0e,Yes,2026-06-06T09:00:18.704,5,79.5
"Carmichael, Thibault A",thibaultcarmichael@example.com,1000,795,b3e4f2a402b243fbafa8,Yes,2026-06-06T22:26:19.008,9,79.5
"Lindqvist, Ottilie J",ottilielindqvist@example.com,1000,794,47c97cbf90a0447198eb,Yes,2026-06-23T10:38:26.322,18,79.4
"Illingworth, Clementine W",clementineillingworth@example.com,1000,792,fe699169deda4cf1a031,Yes,2026-06-06T22:39:10.791,30,79.2
"Kirkpatrick, Bexley F",bexleykirkpatrick@example.com,1000,789,41af24c7ce1f42ca9f81,Yes,2026-06-10T10:23:55.323,39,78.9
"Blackwood, Octavian F",octavianblackwood@example.com,15000,11818,e0f6ececfacd465aa7f6,Yes,2026-06-03T15:57:15.206,34,78.79
"Ockendon, Lucius M",luciusockendon@example.com,1000,786,32c04f3be5384c1b8dd4,Yes,2026-06-25T14:35:17.524,1,78.6
"Crenshaw, Ottoline R",ottolinecrenshaw@example.com,1000,786,def6f0adea2940319b8c,Yes,2026-06-09T09:50:06.403,12,78.6
"Abernathy, Thaddeus J",thaddeusabernathy@example.com,1000,786,3ae700397cb44e75be8f,Yes,2026-06-29T11:01:51.602,24,78.6
"Nethercott, Seraphina K",seraphinanethercott@example.com,1000,785,54806779ccdc4cfdaa2b,Yes,2026-06-01T10:14:09.955,24,78.5
"Beaumont, Theodora F",theodorabeaumont@example.com,1000,785,3570c863d75e4e30a591,Yes,2026-06-24T23:56:36.333,12,78.5
"Thornbury, Fitzgerald B",fitzgeraldthornbury@example.com,1000,785,d824ae3a0c744f779bdd,Yes,2026-06-25T23:14:28.792,4,78.5
"Blackwood, Georgiana N",georgianablackwood@example.com,5000,3917,065a84dbfbcb47438672,No,2026-06-11T20:00:24.391,39,78.34
"Yelverton, Octavian A",octavianyelverton@example.com,1000,781,50839807d43b45c3a5b9,Yes,2026-07-01T01:25:02.130,38,78.1
"Godfrey, Clementine D",clementinegodfrey@example.com,8000,6238,50291053d2ec4aeabb8b,Yes,2026-06-16T02:16:47.710,26,77.98
"Ravenscroft, Dashiell M",dashiellravenscroft@example.com,5000,3895,0d489ee498c54ee8b280,Yes,2026-06-11T09:43:17.927,25,77.9
"Quartermaine, Marisole M",marisolequartermaine@example.com,1000,779,ca18ac4dceea4a9d825d,Yes,2026-06-01T13:37:38.230,10,77.9
"Trelawney, Delphine N",delphinetrelawney@example.com,20000,15533,d075bdc7d4c74700bb80,Yes,2026-06-28T04:06:07.058,33,77.66
"Dunmore, Leopold J",leopolddunmore@example.com,1000,773,bcbef36070d94c7384d6,Yes,2026-06-15T12:59:01.755,22,77.3
"Merriweather, Thibault G",thibaultmerriweather@example.com,5000,3862,b1cf7f86db8240a5a91f,Yes,2026-06-28T00:24:24.984,40,77.24
"Ziegler, Antigone D",antigoneziegler@example.com,1000,770,881c2dfc49de45c99268,Yes,2026-06-03T08:36:42.227,21,77.0
"Kirkpatrick, Anthea W",antheakirkpatrick@example.com,1000,769,bc2010eb975d41d09eae,Yes,2026-06-10T01:03:54.832,34,76.9
"Oxenford, Lucius B",luciusoxenford@example.com,1000,769,beb6f0fa808242998488,Yes,2026-06-14T19:35:25.801,4,76.9
"Carmichael, Dashiell S",dashiellcarmichael2@example.com,20000,15380,3d74651c12d241d8afaf,Yes,2026-06-18T05:52:26.369,3,76.9
"Villanueva, Persephone N",persephonevillanueva@example.com,5000,3841,88363f5b421c4bbe9a48,Yes,2026-06-29T13:19:26.236,35,76.82
"Braithwaite, Rafferty B",raffertybraithwaite@example.com,1000,765,4e07aa84df3b4b6d8ee1,Yes,2026-06-18T08:41:26.201,37,76.5
"Sinclair, Seraphina F",seraphinasinclair2@example.com,1000,762,a71a4799aabf4e47a2ed,Yes,2026-06-18T07:13:06.442,26,76.2
"Underhill, Thaddeus G",thaddeusunderhill@example.com,10000,7611,08e2fa9b8b7c4aeda9b2,Yes,2026-06-26T16:55:34.464,34,76.11
"Locksley, Cornelius M",corneliuslocksley@example.com,1000,761,4efd92dda40248ee867b,Yes,2026-06-24T13:23:02.571,17,76.1
"Ainsworth, Wendeline P",wendelineainsworth@example.com,1000,761,0891d51ff66643e1994b,Yes,2026-06-26T16:40:38.518,31,76.1
"Satterthwaite, Lucius P",luciussatterthwaite2@example.com,5000,3801,ce5b6bb6d4c14001abb5,No,2026-06-04T22:48:45.519,10,76.02
"Satterthwaite, Lucius N",luciussatterthwaite@example.com,8000,6058,0ccba034c36b41018355,Yes,2026-06-11T04:15:08.377,7,75.72
"Tremaine, Emmerich H",emmerichtremaine@example.com,1000,756,1f00c8549227446fbb70,Yes,2026-06-23T03:33:45.147,26,75.6
"Kensington, Lachlan L",lachlankensington@example.com,10000,7560,27c54e891ea34d51a11d,Yes,2026-06-27T14:33:14.490,22,75.6
"Fotheringham, Rosamund J",rosamundfotheringham@example.com,1000,754,c7e45c9f24094782bf88,Yes,2026-06-26T03:45:27.114,8,75.4
"Prendergast, Cornelius N",corneliusprendergast@example.com,15000,11286,03f387fa2cdf47a881f1,Yes,2026-06-16T11:34:44.976,40,75.24
"Ulverston, Lucius P",luciusulverston@example.com,5000,3761,c793606dc97d4b56b244,Yes,2026-06-25T16:40:55.666,32,75.22
"Abernathy, Reginald T",reginaldabernathy2@example.com,5000,3752,f3750135aa63486ca512,Yes,2026-06-30T13:35:15.412,30,75.04
"Cadwallader, Solveig P",solveigcadwallader@example.com,8000,5990,c1b6c96f62ab41cb9f4a,Yes,2026-06-16T20:23:09.140,17,74.88
"Ockendon, Henrietta C",henriettaockendon@example.com,8000,5989,b653ac554f404b00a0a5,Yes,2026-06-13T00:02:42.033,37,74.86
"Galbraith, Marguerite L",margueritegalbraith@example.com,1000,747,ea9150644da54616a02d,Yes,2026-06-30T13:03:21.869,3,74.7
"Northcote, Corwin A",corwinnorthcote@example.com,1000,747,021a3207db234646adda,Yes,2026-06-12T14:53:09.922,36,74.7
"Ollivander, Ignatius N",ignatiusollivander@example.com,8000,5959,2741b4b8321841e2993d,Yes,2026-06-11T22:15:10.342,6,74.49
"Ulverston, Ottilie L",ottilieulverston@example.com,5000,3723,7a31d7aa070645bdb3a3,Yes,2026-06-15T10:58:53.029,1,74.46
"Uxbridge, Octavian B",octavianuxbridge@example.com,5000,3717,b3e0c1279b374a80ab1f,Yes,2026-06-20T01:19:18.686,12,74.34
"Wollstonecraft, Reginald H",reginaldwollstonecraft@example.com,20000,14867,4366733971ef44ef9a76,Yes,2026-06-23T13:47:59.824,30,74.33
"Villanueva, Cassian S",cassianvillanueva@example.com,8000,5942,ca28fe662ea34f08b387,Yes,2026-06-01T14:40:06.364,17,74.28
"Pennington, Hesper F",hesperpennington@example.com,1000,738,ac791eaa445b4a4da146,Yes,2026-06-20T16:31:55.190,40,73.8
"Ravenscroft, Theodora G",theodoraravenscroft@example.com,1000,736,a104388955104e40afa6,Yes,2026-06-10T22:12:23.811,9,73.6
"Abernathy, Corwin G",corwinabernathy@example.com,1000,736,254f7881c47646c7bced,Yes,2026-07-01T10:04:38.515,18,73.6
"Nethercott, Xanthe G",xanthenethercott@example.com,10000,7354,11c2563fbd0249c18ca4,Yes,2026-06-18T10:00:42.836,39,73.54
"Sinclair, Delphine L",delphinesinclair@example.com,1000,735,38a330909aae4246b0bc,Yes,2026-06-01T18:54:08.431,26,73.5
"Voskuijlen, Vivienne T",viviennevoskuijlen@example.com,8000,5874,3dfba974f53044b8ae8d,Yes,2026-06-01T12:26:05.388,4,73.42
"Inglethorpe, Georgiana S",georgianainglethorpe@example.com,15000,11012,64f3c5acafff4b35ac69,Yes,2026-06-08T22:25:16.023,33,73.41
"Hawthorne, Cassian B",cassianhawthorne@example.com,5000,3667,13e8cd4884bc464b95f3,Yes,2026-06-04T00:10:48.805,35,73.34
"Ainsworth, Everard W",everardainsworth@example.com,1000,733,9222c13f3bc54e59a65f,Yes,2026-06-19T22:26:28.819,21,73.3
"Quigley, Ulyssa E",ulyssaquigley@example.com,1000,731,0ea5d78117984eeea46a,Yes,2026-06-15T11:51:08.797,21,73.1
"Quennell, Peregrine A",peregrinequennell@example.com,8000,5839,ed159e2fc9d34ec1b5af,Yes,2026-06-07T19:09:44.763,2,72.99
"Lindqvist, Balthazar M",balthazarlindqvist@example.com,8000,5832,f25743efee134def8385,Yes,2026-06-11T01:10:36.242,6,72.9
"Ulverston, Lucius E",luciusulverston2@example.com,5000,3640,9f8d3058b4134b9280bb,Yes,2026-06-21T02:02:35.630,13,72.8
"Yelverton, Arabella R",arabellayelverton@example.com,8000,5822,11bf18068d7c40028fb7,Yes,2026-06-29T10:04:33.331,19,72.78
"Jankowski, Bexley M",bexleyjankowski@example.com,1000,727,0a98f9e6f26149b3aff1,Yes,2026-06-11T18:02:56.912,28,72.7
"Wexford, Fitzgerald A",fitzgeraldwexford@example.com,15000,10872,1ae525fcad74462788a5,Yes,2026-06-22T03:44:59.616,30,72.48
"Nightingale, Lysander M",lysandernightingale@example.com,1000,724,8edbfdb1ead4456789f8,Yes,2026-06-09T04:05:27.231,21,72.4
"Satterthwaite, Verity A",veritysatterthwaite@example.com,5000,3618,148d69c5d18e46a5a6b6,Yes,2026-06-02T03:40:27.127,5,72.36
"Vandersloot, Balthazar H",balthazarvandersloot@example.com,5000,3617,44b90755eadc45579404,Yes,2026-06-08T05:27:09.899,29,72.34
"Northcote, Everard S",everardnorthcote@example.com,1000,722,d13d543fe9bb43e0b6f2,Yes,2026-07-01T07:37:19.784,18,72.2
"Fairbanks, Rafferty E",raffertyfairbanks2@example.com,1000,720,9f3837333e6543768ebe,Yes,2026-06-15T07:03:50.943,17,72.0
"Fairweather, Genevieve L",genevievefairweather@example.com,1000,718,c1c02919e98047d0bf35,Yes,2026-06-27T16:13:42.165,24,71.8
"Oxenford, Dashiell L",dashielloxenford@example.com,8000,5722,fe8566e68229416980a9,Yes,2026-06-22T01:08:53.443,23,71.53
"Crenshaw, Calanthe L",calanthecrenshaw@example.com,10000,7142,7091fe0122bc4f02a2e9,Yes,2026-06-11T21:15:05.437,35,71.42
"Hawthorne, Ambrose H",ambrosehawthorne@example.com,5000,3567,20256a0f39884763a8be,Yes,2026-06-02T10:50:24.421,18,71.34
"Sinclair, Ambrose A",ambrosesinclair@example.com,1000,713,f7e8a86b30234f528aa9,Yes,2026-06-22T13:44:43.696,10,71.3
"Wexford, Cornelius J",corneliuswexford@example.com,15000,10690,bb8974d0d4aa4f61870c,Yes,2026-06-17T04:07:51.164,5,71.27
"Merriweather, Cordelia B",cordeliamerriweather@example.com,1000,712,52fcc2e9c2f64ee2b99b,Yes,2026-06-18T19:26:34.049,7,71.2
"Ulverston, Verity E",verityulverston@example.com,1000,712,a09b4d1323a242b78df6,Yes,2026-06-16T13:51:15.212,17,71.2
"Beaumont, Endellion M",endellionbeaumont@example.com,1000,709,abf491b7f81340b8bb21,Yes,2026-06-13T04:14:09.597,12,70.9
"Satterthwaite, Ulyssa K",ulyssasatterthwaite@example.com,10000,7048,68c294d335104c00900d,Yes,2026-06-05T08:56:28.838,7,70.48
"Ravenscroft, Wendeline J",wendelineravenscroft@example.com,1000,703,3039e6b265454dea9df8,Yes,2026-06-20T08:57:43.852,21,70.3
"Braithwaite, Rafferty M",raffertybraithwaite2@example.com,1000,702,530bd4c25a4648fd84ea,Yes,2026-06-05T16:59:46.778,15,70.2
"Locksley, Marlowe N",marlowelocksley@example.com,10000,7015,fd7f8e1817d94262a149,Yes,2026-06-01T19:35:37.675,33,70.15
"Fairweather, Lachlan E",lachlanfairweather@example.com,1000,701,20c40271018d4f08b0d2,Yes,2026-06-04T18:31:04.755,12,70.1
"Ziegler, Genevieve H",genevieveziegler2@example.com,20000,13980,f4f0f8d2a64a439daa93,Yes,2026-06-24T08:18:19.133,6,69.9
"Tremaine, Arabella F",arabellatremaine@example.com,20000,13978,2e2c97d1916c44cca080,Yes,2026-06-10T14:57:54.097,34,69.89
"Villanueva, Lucius N",luciusvillanueva@example.com,5000,3491,b845d0756f154f75bfe7,Yes,2026-06-06T22:51:07.253,34,69.82
"Harrington, Fitzgerald N",fitzgeraldharrington@example.com,8000,5585,bea535d6041e4cc49b65,Yes,2026-06-14T08:28:30.404,15,69.81
"Ainsworth, Ottilie C",ottilieainsworth@example.com,1000,697,9e3f76a8e3654dd0b926,Yes,2026-06-12T01:13:12.352,32,69.7
"Edgecombe, Ottilie A",ottilieedgecombe@example.com,5000,3484,7b13d6e39c6146b6aa9b,Yes,2026-06-15T18:28:17.747,23,69.68
"Villanueva, Arabella H",arabellavillanueva@example.com,5000,3482,263d7601adf6441b8516,Yes,2026-06-24T13:03:33.125,25,69.64
"Dunmore, Arabella G",arabelladunmore@example.com,10000,6955,04b4351a91cf4b31948c,Yes,2026-05-31T18:07:39.189,17,69.55
"Ellsworth, Cornelius C",corneliusellsworth@example.com,5000,3470,2eb7791704ec482d82a0,Yes,2026-06-15T10:03:44.746,12,69.4
"Vandersloot, Nikolai K",nikolaivandersloot@example.com,8000,5538,466d340ba3c744d9a39e,Yes,2026-06-08T20:58:28.342,3,69.23
"Darlington, Reginald G",reginalddarlington@example.com,10000,6922,b444e63ea08c43269eef,Yes,2026-06-13T06:58:20.355,24,69.22
"Darlington, Theodora D",theodoradarlington@example.com,8000,5525,95974cd518f145b196d2,Yes,2026-06-05T17:16:12.508,30,69.06
"Wollstonecraft, Rosalind P",rosalindwollstonecraft@example.com,5000,3450,457a4d5431ee4d8fa0f9,Yes,2026-06-02T15:03:51.546,6,69.0
"Kirkpatrick, Marguerite K",margueritekirkpatrick2@example.com,5000,3446,9a67c1f428b94632b9b9,Yes,2026-06-14T21:26:10.352,15,68.92
"Bletchley, Lucius P",luciusbletchley@example.com,1000,689,ee05da876f344cd198ae,Yes,2026-06-13T23:45:06.098,2,68.9
"Wollstonecraft, Ambrose M",ambrosewollstonecraft@example.com,1000,688,895699752560491882e0,Yes,2026-06-02T05:20:47.662,6,68.8
"Wexford, Delphine H",delphinewexford@example.com,5000,3425,6f83ef2a0f864e88b8c3,Yes,2026-06-17T19:54:40.097,7,68.5
"Duckworth, Marlowe W",marloweduckworth@example.com,5000,3413,15cae6df2f214f1dbbed,Yes,2026-06-12T00:39:33.250,3,68.26
"Attenborough, Ignatius J",ignatiusattenborough@example.com,8000,5458,02ea3a2d4cac4551a2a9,Yes,2026-06-06T06:49:55.000,28,68.23
"Illingworth, Casimir P",casimirillingworth@example.com,1000,682,3609c173086e4f688563,Yes,2026-06-23T06:48:41.253,29,68.2
"Fotheringham, Corwin S",corwinfotheringham@example.com,5000,3404,c96c6036035948d5a6a3,Yes,2026-06-02T06:35:01.317,34,68.08
"Wexford, Bexley R",bexleywexford@example.com,5000,3402,7a811af05a3341599ad6,Yes,2026-06-12T08:53:19.323,25,68.04
"Braithwaite, Zinnia P",zinniabraithwaite@example.com,1000,680,4964bac38e834f4ea725,Yes,2026-06-27T05:33:23.289,30,68.0
"Pennington, Millicent R",millicentpennington@example.com,5000,3393,0f99241ff64f4756af1d,Yes,2026-06-23T21:35:14.523,11,67.86
"Ollivander, Silvanus H",silvanusollivander2@example.com,8000,5428,0673f8ff9e284acdaec4,Yes,2026-06-19T10:29:48.620,16,67.85
"Underhill, Beatrix W",beatrixunderhill@example.com,5000,3391,b6cb75d5d8674a89a504,Yes,2026-06-18T11:11:58.975,27,67.82
"Jorgensen, Leopold K",leopoldjorgensen@example.com,5000,3390,9e32fed1f7fc43b2a774,Yes,2026-06-28T23:05:45.831,10,67.8
"Fairbanks, Fitzgerald J",fitzgeraldfairbanks@example.com,1000,678,65fbf4243a0e4385bab8,Yes,2026-06-03T20:57:34.272,39,67.8
"Northcote, Calanthe M",calanthenorthcote@example.com,8000,5422,dcda0071e2ef4e71a0eb,Yes,2026-06-20T19:20:22.118,17,67.77
"Trelawney, Evangeline W",evangelinetrelawney@example.com,1000,677,aee671a9b99f4c6aafa5,No,2026-06-12T18:29:38.779,39,67.7
"Ockendon, Antigone J",antigoneockendon@example.com,1000,676,f3df0a3abb7c45949456,Yes,2026-06-23T17:39:58.580,20,67.6
"Fotheringham, Evangeline M",evangelinefotheringham@example.com,1000,674,d1efbb93d95b4ebdb3e9,Yes,2026-06-08T15:35:28.976,9,67.4
"Satterthwaite, Evangeline B",evangelinesatterthwaite@example.com,1000,674,b6e1432a3111469b9356,Yes,2026-06-04T12:08:31.380,16,67.4
"Vandersloot, Nikolai E",nikolaivandersloot2@example.com,15000,10092,ce2f0ef172c64cea8ec4,Yes,2026-06-08T07:19:13.740,11,67.28
"Merriweather, Solveig A",solveigmerriweather@example.com,5000,3361,8ece7e1c5f584dff9903,Yes,2026-06-20T22:37:03.727,16,67.22
"Zabrowski, Georgiana G",georgianazabrowski@example.com,8000,5370,275a5dd3248d4964b04c,Yes,2026-06-23T02:32:55.146,19,67.12
"Galbraith, Verity G",veritygalbraith@example.com,8000,5355,d20bccc4a4104c3dbdcb,Yes,2026-06-15T07:57:36.217,29,66.94
"Vandersloot, Ottilie S",ottilievandersloot@example.com,1000,669,63013e939c6c4ea79a5a,Yes,2026-07-01T10:28:18.825,5,66.9
"Oxenford, Balthazar P",balthazaroxenford@example.com,10000,6686,f53e727d321547859f42,Yes,2026-06-14T19:54:02.369,20,66.86
"Jorgensen, Torsten A",torstenjorgensen@example.com,1000,668,7ac197f619fd465e985d,Yes,2026-06-23T09:32:35.267,26,66.8
"Crenshaw, Wendeline S",wendelinecrenshaw@example.com,10000,6671,8b1f1a03118b4b83b9cd,Yes,2026-06-30T23:50:33.182,34,66.71
"Quigley, Calanthe E",calanthequigley@example.com,1000,667,e3dea017dac74cca8959,Yes,2026-05-31T17:45:23.068,11,66.7
"Quennell, Cosima R",cosimaquennell@example.com,5000,3334,9e202d167de94c5e89cb,Yes,2026-06-21T13:58:16.848,35,66.68
"Lindqvist, Thibault B",thibaultlindqvist@example.com,8000,5322,c16006abb6dc4b81b9b0,Yes,2026-06-11T07:47:46.436,14,66.53
"Hawthorne, Persephone W",persephonehawthorne@example.com,10000,6649,085ba34f62b44cd9bb67,Yes,2026-06-26T16:01:54.720,14,66.49
"Uxbridge, Leopold D",leopolduxbridge@example.com,5000,3318,deb254585cda48c3894b,Yes,2026-06-20T21:38:04.943,17,66.36
"Stroganov, Lachlan P",lachlanstroganov@example.com,1000,663,6f886c3ad1974925bef3,Yes,2026-06-27T03:52:42.713,20,66.3
"Everhart, Isolde F",isoldeeverhart@example.com,10000,6621,c17421b891b4402cb3b9,Yes,2026-06-01T19:14:08.930,8,66.21
"Hollingsworth, Ottoline K",ottolinehollingsworth@example.com,8000,5296,5f99069147c14c3e8961,Yes,2026-06-19T03:54:15.513,23,66.2
"Tremaine, Isolde K",isoldetremaine@example.com,5000,3309,3f8a3ca4cb2948e2a7d4,Yes,2026-06-02T06:42:53.478,13,66.18
"Rosewarne, Rafferty R",raffertyrosewarne@example.com,8000,5293,24d90cb3db1d433cb5a4,Yes,2026-06-23T14:07:46.182,39,66.16
"Bletchley, Bexley W",bexleybletchley@example.com,8000,5275,57ad9ca15b16493eba55,Yes,2026-06-21T05:58:40.914,12,65.94
"Ainsworth, Octavian F",octavianainsworth@example.com,1000,659,ff4d831afd6d4978b37e,Yes,2026-06-07T03:57:16.934,38,65.9
"Quigley, Ignatius L",ignatiusquigley@example.com,1000,658,c935e3ca99c442b08247,Yes,2026-06-25T15:46:12.343,40,65.8
"Underhill, Zephyrine D",zephyrineunderhill@example.com,1000,658,82f610ffcac34c94adf9,Yes,2026-06-29T18:21:08.240,1,65.8
"Blackwood, Marlowe G",marloweblackwood2@example.com,1000,658,a0242265b24e47b88b7f,Yes,2026-06-05T13:38:52.673,35,65.8
"Ulverston, Silvanus N",silvanusulverston@example.com,10000,6578,9d7794fea5fe40d0b8a5,Yes,2026-06-01T13:30:07.627,29,65.78
"Satterthwaite, Balthazar S",balthazarsatterthwaite@example.com,5000,3274,ada1049a3b0642a1835e,Yes,2026-06-27T03:57:16.969,24,65.48
"Abernathy, Bramwell T",bramwellabernathy@example.com,1000,654,ecd7ce32fbf041aaad3b,Yes,2026-06-24T08:29:32.818,39,65.4
"Rosewarne, Dashiell C",dashiellrosewarne@example.com,5000,3268,f3d8d510280e4046a61d,Yes,2026-06-21T08:21:38.486,28,65.36
"Godfrey, Torsten B",torstengodfrey@example.com,5000,3266,c09296820ab94426ba06,Yes,2026-06-08T05:50:45.405,2,65.32
"Grimsby, Balthazar B",balthazargrimsby@example.com,8000,5204,d95b6b90a9b540478702,Yes,2026-06-27T11:14:33.002,8,65.05
"Wetherby, Hesper K",hesperwetherby@example.com,1000,650,5c9c4dcd269346bb985f,Yes,2026-06-14T00:22:03.801,31,65.0
"Everhart, Lysander L",lysandereverhart@example.com,5000,3249,8876b7fb49924a45a0b3,Yes,2026-06-15T20:16:41.945,17,64.98
"Jorgensen, Yorick A",yorickjorgensen@example.com,5000,3249,2e302d344dc54169b409,Yes,2026-06-01T05:18:05.108,26,64.98
"Carmichael, Montgomery G",montgomerycarmichael2@example.com,1000,649,856bf2ebfd354614a6c3,Yes,2026-06-05T16:45:39.895,5,64.9
"Rutherford, Wilhelmina K",wilhelminarutherford@example.com,8000,5190,463a380321204cb2ba3e,Yes,2026-06-11T06:18:10.685,8,64.88
"Northcote, Bexley K",bexleynorthcote@example.com,5000,3241,4c6c80d1ffd1412f85e5,Yes,2026-06-24T03:24:11.225,33,64.82
"Sinclair, Leopold P",leopoldsinclair@example.com,5000,3238,26e983cd86fd49c19416,Yes,2026-07-01T08:40:23.401,34,64.76
"Kirkpatrick, Dashiell S",dashiellkirkpatrick@example.com,5000,3231,ccdf776c35274dc9947c,Yes,2026-06-16T04:58:11.462,24,64.62
"Edgecombe, Thaddeus C",thaddeusedgecombe@example.com,5000,3228,f84075d09f6146848840,Yes,2026-06-30T11:56:04.452,17,64.56
"Stroganov, Wendeline H",wendelinestroganov@example.com,10000,6442,948faab3dbac46adb4eb,Yes,2026-06-12T12:46:38.814,11,64.42
"Jessamine, Rafferty N",raffertyjessamine@example.com,15000,9651,580f635cf2eb491f9c88,Yes,2026-06-24T15:26:17.586,17,64.34
"Kirkpatrick, Rafferty N",raffertykirkpatrick@example.com,1000,643,512e9e6c22ec4f7f8ca8,Yes,2026-06-07T05:09:24.311,10,64.3
"Locksley, Endellion N",endellionlocksley@example.com,20000,12858,ec38d03b0bdc47a2ac43,Yes,2026-06-07T19:27:10.841,34,64.29
"Nethercott, Bartholomew E",bartholomewnethercott@example.com,1000,641,199bec46d21b4d359e96,Yes,2026-06-14T07:00:15.773,8,64.1
"Rosewarne, Wilhelmina J",wilhelminarosewarne@example.com,10000,6407,8e17b9ebfafb4f389e9b,Yes,2026-06-14T21:56:49.760,12,64.07
"Ravenscroft, Zinnia K",zinniaravenscroft@example.com,8000,5125,3add61272f5a4a42bcbc,Yes,2026-06-22T12:33:30.901,22,64.06
"Everhart, Ferdinand L",ferdinandeverhart@example.com,10000,6401,ad4477a1c1884e6a95f5,Yes,2026-06-13T21:58:27.030,12,64.01
"Ellsworth, Balthazar H",balthazarellsworth@example.com,1000,640,df198de3d7304390b5f8,Yes,2026-06-17T07:02:16.944,4,64.0
"Beaumont, Beatrix R",beatrixbeaumont@example.com,1000,640,f2698834fa154ed79b76,Yes,2026-06-29T14:04:18.389,17,64.0
"Hollingsworth, Vivienne T",viviennehollingsworth@example.com,8000,5119,8d539ab419f44abd860c,Yes,2026-06-16T19:43:32.143,11,63.99
"Oxenford, Fitzgerald J",fitzgeraldoxenford@example.com,10000,6396,632970a2fb2b412f8692,Yes,2026-06-25T15:49:09.305,2,63.96
"Mowbray, Seraphina J",seraphinamowbray@example.com,1000,639,3b23cd4cf8c143beb5a1,Yes,2026-06-18T06:45:46.019,11,63.9
"Carmichael, Percy K",percycarmichael@example.com,1000,639,650a272b97e54b84b1a6,Yes,2026-06-29T13:22:50.425,38,63.9
"Pennington, Torsten N",torstenpennington@example.com,8000,5106,70f9e2e374bb4b90a5df,Yes,2026-06-22T17:14:34.030,13,63.82
"Nethercott, Corwin W",corwinnethercott2@example.com,10000,6378,6028c42345b34bd1a694,Yes,2026-06-10T23:28:13.623,8,63.78
"Ainsworth, Genevieve B",genevieveainsworth@example.com,10000,6369,2a06018b8fca4b32ba6c,Yes,2026-06-16T14:43:20.847,27,63.69
"Kirkpatrick, Lucius A",luciuskirkpatrick@example.com,8000,5078,717f53f0f7e44bc9b824,Yes,2026-06-30T21:52:26.932,39,63.48
"Ulverston, Everard T",everardulverston@example.com,10000,6344,ac47a1a63f5b422bad9e,Yes,2026-06-04T20:41:01.892,18,63.44
"Nethercott, Theodora P",theodoranethercott@example.com,8000,5073,2c0ec302e7b24749b539,Yes,2026-06-01T03:44:20.407,36,63.41
"Nethercott, Horatio E",horationethercott@example.com,1000,634,38bfc795ac0143b4b7bd,Yes,2026-06-30T01:37:04.670,21,63.4
"Locksley, Percival D",percivallocksley2@example.com,5000,3170,b8278768a77344468031,Yes,2026-06-07T10:51:36.265,37,63.4
"Ockendon, Thibault F",thibaultockendon@example.com,8000,5069,b1c521fcd29247929aed,Yes,2026-06-30T08:39:49.718,27,63.36
"Carmichael, Zinnia M",zinniacarmichael@example.com,5000,3166,1289820f502043048c37,Yes,2026-06-16T01:50:57.818,25,63.32
"Jankowski, Antigone R",antigonejankowski@example.com,8000,5065,4e29c2e7c3264b19a888,Yes,2026-06-16T14:13:48.989,24,63.31
"Illingworth, Lysander P",lysanderillingworth@example.com,1000,633,d98bd19250e4405ea2e5,Yes,2026-06-09T19:31:42.433,24,63.3
"Ellsworth, Millicent G",millicentellsworth@example.com,5000,3152,234b77acea584effa32d,Yes,2026-06-25T13:38:52.755,16,63.04
"Hawthorne, Henrietta P",henriettahawthorne@example.com,1000,630,2035dbd4741d43c8a0b8,Yes,2026-06-07T06:06:26.739,7,63.0
"Kensington, Ambrose H",ambrosekensington@example.com,5000,3146,2b1dd7fbb6964807bbf8,Yes,2026-06-14T19:38:58.669,18,62.92
"Blackwood, Lysander G",lysanderblackwood@example.com,20000,12582,b500751495a944c1996c,Yes,2026-06-04T01:47:01.694,24,62.91
"Darlington, Persephone J",persephonedarlington2@example.com,1000,628,e9a117dce8f24075bd5c,Yes,2026-06-03T04:14:27.512,20,62.8
"Underhill, Silvanus D",silvanusunderhill@example.com,8000,5016,6ca155d08fcc489c80da,Yes,2026-06-03T23:07:32.530,6,62.7
"Sinclair, Verity E",veritysinclair@example.com,1000,626,52dca4eef2be4161ab7b,Yes,2026-07-01T00:36:23.104,12,62.6
"Cadwallader, Ulyssa P",ulyssacadwallader@example.com,1000,626,8553778cb6e34d10934c,Yes,2026-06-29T10:14:22.562,5,62.6
"Kirkpatrick, Percival B",percivalkirkpatrick@example.com,10000,6258,6d4894913f1a46e4ab77,Yes,2026-06-15T14:01:24.991,16,62.58
"Lindqvist, Millicent H",millicentlindqvist@example.com,1000,624,d1ce9785a74440dda61f,No,2026-06-26T02:11:59.115,18,62.4
"Ravenscroft, Rosamund N",rosamundravenscroft@example.com,1000,623,46343c449259446aac74,Yes,2026-06-25T22:16:28.112,27,62.3
"Underhill, Solveig W",solveigunderhill@example.com,15000,9325,9bb6189df9574f9d856b,Yes,2026-06-08T17:38:36.665,36,62.17
"Zabrowski, Cosima T",cosimazabrowski@example.com,8000,4973,dfa075f65fcb4d33829b,Yes,2026-06-21T02:37:55.940,20,62.16
"Tremaine, Marlowe S",marlowetremaine@example.com,1000,620,5990111a223745b3b7e0,Yes,2026-06-13T23:19:33.227,12,62.0
"Rosewarne, Silvanus A",silvanusrosewarne@example.com,1000,620,28b2d3829c3d4b38acad,Yes,2026-06-08T15:29:08.289,22,62.0
"Ellsworth, Silvanus C",silvanusellsworth@example.com,5000,3089,0935f722939d4996a8d7,Yes,2026-06-03T19:10:04.668,4,61.78
"Jorgensen, Zinnia L",zinniajorgensen@example.com,1000,617,c764b1475ca84670989c,Yes,2026-06-29T03:11:35.687,37,61.7
"Ellsworth, Cassian P",cassianellsworth@example.com,10000,6165,2697e8590bd941a486e1,Yes,2026-06-14T22:44:50.434,12,61.65
"Zabrowski, Bexley B",bexleyzabrowski@example.com,5000,3080,7432897751324c9a8530,Yes,2026-06-01T21:29:48.021,28,61.6
"Cadwallader, Philippa E",philippacadwallader@example.com,5000,3073,051124da008a440ca19c,Yes,2026-06-11T10:54:42.342,22,61.46
"Yardley, Percy K",percyyardley@example.com,20000,12271,f44b7239a8854e6da314,Yes,2026-06-05T11:28:25.156,9,61.36
"Duckworth, Ambrose G",ambroseduckworth@example.com,8000,4902,6a5741a11b364fd79d16,Yes,2026-06-14T23:13:24.616,18,61.27
"Lindqvist, Octavian B",octavianlindqvist@example.com,5000,3058,1fec67278e974073bdfd,Yes,2026-06-06T03:15:22.192,8,61.16
"Voskuijlen, Rafferty W",raffertyvoskuijlen@example.com,5000,3055,803ff9196f9b4f9eb769,Yes,2026-06-07T12:06:25.152,33,61.1
"Ivorson, Georgiana L",georgianaivorson@example.com,5000,3050,4620811786d7425d8a84,Yes,2026-06-12T07:39:13.260,23,61.0
"Satterthwaite, Rosalind P",rosalindsatterthwaite2@example.com,1000,610,227f8edc6f494fa1a309,Yes,2026-06-02T01:34:05.054,37,61.0
"Lindqvist, Zephyrine H",zephyrinelindqvist@example.com,20000,12190,3ecf50f083ff4546a4f3,Yes,2026-06-15T22:58:47.698,4,60.95
"Yardley, Marguerite J",margueriteyardley@example.com,8000,4874,6ecc5340f9f0444dbf25,Yes,2026-06-23T09:54:12.397,30,60.92
"Tremaine, Persephone N",persephonetremaine2@example.com,10000,6090,4999786ea43140208d6a,Yes,2026-06-15T13:29:42.882,10,60.9
"Ivorson, Montgomery P",montgomeryivorson@example.com,5000,3036,4d73188d8db04c919207,Yes,2026-06-13T16:53:46.122,8,60.72
"Nethercott, Zinnia G",zinnianethercott@example.com,1000,607,30b595cc5ab24a5c820a,Yes,2026-06-12T18:53:43.368,37,60.7
"Northcote, Wilhelm N",wilhelmnorthcote@example.com,1000,606,a53bc0baf829446e973c,Yes,2026-06-18T09:49:17.007,15,60.6
"Braithwaite, Lysander D",lysanderbraithwaite@example.com,5000,3024,70196dd600244453afcc,Yes,2026-06-10T15:48:35.748,32,60.48
"Kirkpatrick, Lucius B",luciuskirkpatrick2@example.com,10000,6041,1a11a5b9ebe34bf9824a,Yes,2026-06-23T13:10:14.293,4,60.41
"Jessamine, Percy P",percyjessamine2@example.com,10000,6036,56c6ba219121451882c5,Yes,2026-06-10T21:49:36.366,6,60.36
"Jessamine, Rafferty T",raffertyjessamine2@example.com,1000,600,c905d53953574519b25d,Yes,2026-06-18T09:29:17.748,31,60.0
"Kirkpatrick, Endellion E",endellionkirkpatrick@example.com,5000,2998,0c8e35f3e15047e697e5,Yes,2026-06-12T15:45:28.789,21,59.96
"Everhart, Percy W",percyeverhart@example.com,8000,4797,1c36aeb51b844d7d86ee,Yes,2026-06-28T00:13:52.905,33,59.96
"Quennell, Rosalind N",rosalindquennell@example.com,8000,4793,d5e0a230c883475cb006,Yes,2026-06-29T05:27:58.108,19,59.91
"Illingworth, Wilhelm M",wilhelmillingworth2@example.com,20000,11967,8e8632ff2bae4628bd0b,Yes,2026-06-20T02:46:55.063,3,59.84
"Nightingale, Lucius S",luciusnightingale@example.com,5000,2979,b1d2c1c264fa44f6a707,Yes,2026-06-21T01:04:24.060,26,59.58
"Ziegler, Genevieve A",genevieveziegler3@example.com,20000,11915,fc715a8db79642b7a2cb,Yes,2026-06-22T03:45:15.286,15,59.58
"Pembrooke, Beatrix J",beatrixpembrooke@example.com,1000,595,bed684fc72694db5b4d6,Yes,2026-06-20T21:54:48.361,9,59.5
"Ulverston, Henrietta L",henriettaulverston@example.com,1000,593,d532133adf314f7a982f,Yes,2026-06-02T15:07:33.972,18,59.3
"Fotheringham, Seraphina N",seraphinafotheringham@example.com,1000,592,629abdb9e988456d9eca,Yes,2026-06-13T12:50:08.626,7,59.2
"Jankowski, Beatrix R",beatrixjankowski@example.com,1000,589,3d40fab2caf84fcaaedd,Yes,2026-06-25T17:50:45.072,40,58.9
"Kettering, Silvanus H",silvanuskettering@example.com,8000,4707,6236cd05427e4942b4bd,Yes,2026-06-15T14:22:07.050,37,58.84
"Thornbury, Lucius S",luciusthornbury@example.com,20000,11760,c8d6c4df814b4aa8a89d,Yes,2026-06-28T22:53:21.326,12,58.8
"Attenborough, Antigone S",antigoneattenborough@example.com,10000,5874,4aa9cd7190dd457ca04d,Yes,2026-06-25T07:45:42.474,37,58.74
"Jessamine, Peregrine J",peregrinejessamine@example.com,1000,587,a481e89a017e40c9a893,Yes,2026-06-12T21:46:31.636,28,58.7
"Ollivander, Wendeline G",wendelineollivander@example.com,8000,4695,3f57bbfeb2d045a4a1c4,Yes,2026-06-27T19:05:40.883,16,58.69
"Everhart, Lysander P",lysandereverhart2@example.com,1000,586,48d1d578c334400da48c,Yes,2026-06-20T11:13:23.777,19,58.6
"Trelawney, Ottilie H",ottilietrelawney@example.com,5000,2930,d5953acd192c43d087e9,Yes,2026-06-11T09:36:13.181,25,58.6
"Kensington, Cassian D",cassiankensington@example.com,1000,586,0f908498aff74619be58,Yes,2026-06-26T16:04:43.483,21,58.6
"Wetherby, Thaddeus H",thaddeuswetherby2@example.com,5000,2926,d9a675195a78475e87ee,Yes,2026-06-09T19:33:28.397,19,58.52
"Everhart, Cornelius C",corneliuseverhart@example.com,1000,580,6285bccfbe8b4b63b6c1,Yes,2026-06-11T02:40:20.567,12,58.0
"Kirkpatrick, Marguerite C",margueritekirkpatrick@example.com,1000,579,d576b619666b43bdbef8,Yes,2026-05-31T18:14:37.519,14,57.9
"Inglethorpe, Dashiell W",dashiellinglethorpe@example.com,1000,578,8f1312affcc14c729075,Yes,2026-06-05T23:21:38.890,7,57.8
"Marchetti, Hesper K",hespermarchetti@example.com,5000,2890,dead755deea64d3cb0f1,Yes,2026-06-24T06:38:00.322,38,57.8
"Yelverton, Georgiana M",georgianayelverton@example.com,1000,577,8fa7ac0b075941cdba00,Yes,2026-06-04T07:35:27.681,10,57.7
"Nethercott, Persephone L",persephonenethercott@example.com,10000,5764,a4ffe33da9fc4e95a984,Yes,2026-06-15T01:40:13.368,10,57.64
"Lindqvist, Wendeline M",wendelinelindqvist@example.com,10000,5744,abc17da8acb740abac41,Yes,2026-06-22T21:57:53.930,29,57.44
"Nethercott, Zinnia D",zinnianethercott2@example.com,5000,2870,809640bc174442968b94,Yes,2026-06-23T18:55:19.053,2,57.4
"Galbraith, Solveig W",solveiggalbraith@example.com,1000,574,87c6a4ad328341819b82,Yes,2026-06-24T17:20:19.112,24,57.4
"Oxenford, Genevieve R",genevieveoxenford3@example.com,1000,574,341bec7c3bc94ca9bf0c,Yes,2026-06-04T20:13:35.189,28,57.4
"Duckworth, Xanthe S",xantheduckworth@example.com,8000,4587,9a149b80192f4f5eb1a9,Yes,2026-06-14T04:33:19.413,39,57.34
"Lattimore, Rafferty P",raffertylattimore@example.com,5000,2861,e5c2e94510e54c8c8dbd,Yes,2026-06-18T18:30:42.454,35,57.22
"Inglethorpe, Ottilie H",ottilieinglethorpe@example.com,1000,572,c9857400db124dda97cc,Yes,2026-06-29T09:00:03.859,33,57.2
"Cholmondeley, Corwin B",corwincholmondeley@example.com,1000,572,d00bc3e1b00e4772aa88,Yes,2026-06-20T01:32:46.984,39,57.2
"Illingworth, Percy T",percyillingworth@example.com,15000,8568,7fe098109ac34b119f57,Yes,2026-06-20T14:13:57.117,3,57.12
"Wollstonecraft, Cosima J",cosimawollstonecraft@example.com,1000,571,79be220dd5d949d4ba8d,Yes,2026-06-26T12:37:19.300,14,57.1
"Ashworth, Ulyssa W",ulyssaashworth@example.com,10000,5703,594d1956fd5b4783a56f,Yes,2026-06-07T11:42:16.110,3,57.03
"Marchetti, Montgomery R",montgomerymarchetti@example.com,1000,569,36c9b40b83b44fe09df3,Yes,2026-06-15T03:53:22.069,11,56.9
"Quigley, Emmerich N",emmerichquigley@example.com,1000,568,235c6548600848798556,Yes,2026-06-18T18:32:39.611,23,56.8
"Nightingale, Lachlan T",lachlannightingale@example.com,8000,4536,735ffb2668114f98ba3f,Yes,2026-06-09T05:09:53.139,22,56.7
"Sinclair, Ignatius C",ignatiussinclair@example.com,1000,567,b0c43e47dbb542c3a16c,Yes,2026-06-23T06:37:10.891,28,56.7
"Thornbury, Persephone G",persephonethornbury@example.com,5000,2820,b240ff394c4a4b689a1a,Yes,2026-06-24T20:43:40.628,22,56.4
"Kensington, Ottilie L",ottiliekensington@example.com,8000,4511,c73fac74d8354f0e9ac6,Yes,2026-06-28T06:31:25.300,35,56.39
"Prendergast, Wilhelmina R",wilhelminaprendergast@example.com,20000,11278,7daa04ad9d9e4a7bb848,Yes,2026-06-08T23:02:36.303,27,56.39
"Galbraith, Theodora F",theodoragalbraith@example.com,5000,2816,a3b2587fa53443ca8f61,Yes,2026-06-13T22:23:42.943,32,56.32
"Ulverston, Marisole M",marisoleulverston@example.com,5000,2813,a3409c0409034b7f98a0,Yes,2026-06-11T18:22:10.017,23,56.26
"Kirkpatrick, Delphine T",delphinekirkpatrick@example.com,10000,5614,83f7808b0d7e4b8e9af1,Yes,2026-06-23T00:54:09.399,37,56.14
"Voskuijlen, Hesper J",hespervoskuijlen@example.com,1000,561,20f03473f4384065a002,Yes,2026-06-30T04:20:26.237,37,56.1
"Underhill, Thaddeus D",thaddeusunderhill2@example.com,1000,560,43581ac188e84f73b255,Yes,2026-06-24T12:38:57.339,13,56.0
"Prendergast, Ignatius E",ignatiusprendergast@example.com,10000,5594,333fabd4244449489e2b,Yes,2026-06-29T10:27:13.305,5,55.94
"Ivorson, Dashiell J",dashiellivorson@example.com,1000,558,a79473c005684e6abd08,Yes,2026-06-27T05:28:38.828,5,55.8
"Cadwallader, Philippa K",philippacadwallader2@example.com,10000,5579,9211e4d4e1d34ce58aea,Yes,2026-06-09T14:17:55.057,40,55.79
"Pennington, Casimir F",casimirpennington@example.com,5000,2788,5f519491c10443369888,Yes,2026-06-05T07:16:07.134,31,55.76
"Hollingsworth, Everard W",everardhollingsworth@example.com,1000,557,f7d11ce249e349a1abf4,Yes,2026-06-01T12:48:14.030,17,55.7
"Lattimore, Lucius C",luciuslattimore@example.com,8000,4455,2a8c189aa9ab469e84ed,No,2026-06-15T08:32:11.655,36,55.69
"Ainsworth, Philippa N",philippaainsworth3@example.com,8000,4433,67cf479cf9684e5ba7b9,Yes,2026-06-06T09:11:42.333,3,55.41
"Ockendon, Ottilie N",ottilieockendon@example.com,5000,2766,2114ff90c887433b8039,Yes,2026-06-20T01:19:10.198,32,55.32
"Ellsworth, Ottilie G",ottilieellsworth@example.com,1000,553,5282d7b18c74453d912a,Yes,2026-06-29T17:50:49.137,17,55.3
"Dunmore, Endellion E",endelliondunmore@example.com,5000,2762,a3ed20e4fdcc431baea4,Yes,2026-06-06T04:28:03.084,36,55.24
"Jankowski, Rosalind F",rosalindjankowski@example.com,15000,8275,8fc6aeb05bc746ba9439,Yes,2026-06-03T12:05:16.830,2,55.17
"Jankowski, Verity R",verityjankowski2@example.com,8000,4408,bab28b7b1a0442838425,Yes,2026-06-06T17:54:33.807,18,55.1
"Nethercott, Bexley W",bexleynethercott@example.com,8000,4402,75997d0d6da3469da5c0,No,2026-06-21T14:15:41.818,22,55.02
"Ollivander, Silvanus R",silvanusollivander@example.com,1000,549,6c864302452645b29c2c,Yes,2026-05-31T17:30:44.967,21,54.9
"Tremaine, Silvanus M",silvanustremaine@example.com,5000,2745,62bd47485521439d8271,Yes,2026-06-23T00:27:14.068,16,54.9
"Kirkpatrick, Rosamund C",rosamundkirkpatrick@example.com,15000,8232,77f2d82334564e64ad96,Yes,2026-06-19T14:38:46.277,31,54.88
"Zabrowski, Peregrine W",peregrinezabrowski@example.com,5000,2742,02111d1ce6f34e639e48,Yes,2026-06-08T08:05:54.531,13,54.84
"Merriweather, Henrietta P",henriettamerriweather@example.com,5000,2735,0c3c8b9a5ea24e649837,Yes,2026-06-29T17:16:36.411,18,54.7
"Sinclair, Xanthe J",xanthesinclair@example.com,1000,545,5d9ed3336acf49978248,Yes,2026-06-21T00:27:18.673,40,54.5
"Inglethorpe, Marlowe P",marloweinglethorpe@example.com,8000,4348,803c023b34324142bad1,Yes,2026-06-01T16:23:51.052,9,54.35
"Hollingsworth, Barnaby M",barnabyhollingsworth@example.com,1000,543,f2017763a6f44861a321,Yes,2026-06-10T02:06:02.073,25,54.3
"Jankowski, Wendeline T",wendelinejankowski@example.com,15000,8091,64642f4e9c0e4e51aec1,Yes,2026-06-14T14:40:15.852,3,53.94
"Ivorson, Reginald B",reginaldivorson@example.com,8000,4309,6eac3b9350dc4187af16,Yes,2026-06-22T05:06:13.587,33,53.86
"Carmichael, Dashiell E",dashiellcarmichael@example.com,8000,4305,c94acff7d0e940998cec,Yes,2026-06-04T18:30:02.725,7,53.81
"Grimsby, Beatrix A",beatrixgrimsby@example.com,5000,2677,40ca6b61ff1b450b9797,Yes,2026-06-18T06:03:28.056,1,53.54
"Wexford, Yorick B",yorickwexford@example.com,8000,4280,85f0809955bf49e3b3b1,Yes,2026-06-04T22:03:06.274,29,53.5
"Lindqvist, Emmerich M",emmerichlindqvist@example.com,10000,5348,55b20c99e38f4ceca68a,Yes,2026-06-25T11:23:45.276,38,53.48
"Nethercott, Yorick C",yoricknethercott@example.com,1000,534,30538567d0774625a09a,Yes,2026-06-23T23:02:49.329,15,53.4
"Quartermaine, Alaric T",alaricquartermaine@example.com,5000,2669,fe04278206784f63a3fd,Yes,2026-06-02T02:33:26.794,16,53.38
"Underhill, Balthazar B",balthazarunderhill@example.com,15000,8000,4111f21d2e564b3e9165,Yes,2026-06-09T12:01:58.953,1,53.33
"Carmichael, Ferdinand E",ferdinandcarmichael@example.com,1000,533,f5e32809abba4e378aff,Yes,2026-06-08T02:46:41.761,12,53.3
"Zabrowski, Wendeline G",wendelinezabrowski@example.com,10000,5314,8fd9abd3403344b9b028,Yes,2026-06-13T12:39:31.693,25,53.14
"Fairweather, Evangeline S",evangelinefairweather@example.com,1000,531,4a6a1dc8a7344df092a9,Yes,2026-06-26T06:43:55.213,8,53.1
"Satterthwaite, Seraphina T",seraphinasatterthwaite@example.com,8000,4243,7b22a74bc49e41a8a8d7,Yes,2026-06-23T11:35:30.758,1,53.04
"Quartermaine, Torsten M",torstenquartermaine@example.com,1000,530,b25a584fa0354c96a4a5,Yes,2026-06-20T18:38:34.857,37,53.0
"Marchetti, Emmerich J",emmerichmarchetti@example.com,1000,530,47881cd1499b4b75bf97,Yes,2026-06-04T10:58:28.479,5,53.0
"Uxbridge, Antigone M",antigoneuxbridge@example.com,15000,7944,0a1e712d012047aa96fb,Yes,2026-06-26T13:37:01.438,35,52.96
"Ulverston, Leopold H",leopoldulverston@example.com,8000,4233,db3208c19d59442e937c,Yes,2026-07-01T08:26:36.038,21,52.91
"Carmichael, Fennimore D",fennimorecarmichael@example.com,1000,529,cf48167c1279480fa157,Yes,2026-06-14T13:22:24.380,4,52.9
"Sinclair, Wendeline M",wendelinesinclair@example.com,8000,4217,117e8178dee44af0a0a7,Yes,2026-06-08T10:47:03.243,39,52.71
"Quartermaine, Beatrix K",beatrixquartermaine@example.com,5000,2635,c8a0561aac664ce9b550,Yes,2026-06-13T06:47:55.299,5,52.7
"Zabrowski, Marisole W",marisolezabrowski@example.com,1000,527,83c903b06bb74dfebc5c,Yes,2026-06-30T15:45:40.983,30,52.7
"Locksley, Nikolai A",nikolailocksley@example.com,8000,4208,da0a1b54db994d94ac09,Yes,2026-07-01T07:24:08.095,29,52.6
"Cholmondeley, Beatrix J",beatrixcholmondeley@example.com,1000,524,5d145ec6fcf54b38939c,Yes,2026-06-22T11:23:05.386,36,52.4
"Edgecombe, Cornelius B",corneliusedgecombe@example.com,5000,2616,a900b46b3812411d84c6,Yes,2026-06-09T22:23:12.486,31,52.32
"Prendergast, Dashiell S",dashiellprendergast@example.com,1000,523,c625ad508ab84be487c6,Yes,2026-06-25T10:26:30.985,23,52.3
"Ainsworth, Reginald E",reginaldainsworth@example.com,1000,523,eca98355b3cc406c8199,Yes,2026-06-10T14:15:34.693,19,52.3
"Yardley, Barnaby H",barnabyyardley@example.com,15000,7837,c1d2940fdb94474b9e5f,Yes,2026-06-01T15:36:54.924,31,52.25
"Duckworth, Wilhelmina T",wilhelminaduckworth@example.com,8000,4177,e835c00bdf154872a962,Yes,2026-06-05T02:38:45.236,37,52.21
"Quigley, Isolde M",isoldequigley@example.com,5000,2610,f1254bd0e2c14c1297d8,Yes,2026-06-22T12:18:51.558,3,52.2
"Carmichael, Montgomery B",montgomerycarmichael@example.com,1000,522,13ea76612851456fb8a4,Yes,2026-06-15T02:24:52.673,4,52.2
"Darlington, Persephone D",persephonedarlington@example.com,1000,522,16f715c4e83441acb17f,Yes,2026-06-17T16:37:24.716,26,52.2
"Wollstonecraft, Verity J",veritywollstonecraft@example.com,1000,522,fbc1eb3b8ae64a398787,Yes,2026-06-22T06:28:45.751,18,52.2
"Ainsworth, Hesper S",hesperainsworth@example.com,5000,2602,71816b81992246cfb744,Yes,2026-06-16T21:27:45.955,39,52.04
"Ollivander, Wilhelm K",wilhelmollivander@example.com,1000,519,615e1ee3b86b44428ca8,Yes,2026-06-01T05:46:51.954,16,51.9
"Underhill, Lysander P",lysanderunderhill@example.com,8000,4147,cf6f82b73f5f4e98bcbb,Yes,2026-06-27T09:21:47.494,31,51.84
"Nightingale, Fennimore G",fennimorenightingale@example.com,1000,518,e5c81728701740eeabd9,Yes,2026-06-06T12:18:11.341,3,51.8
"Zabrowski, Montgomery F",montgomeryzabrowski@example.com,1000,518,9c6445ddce6a40efa572,Yes,2026-07-01T00:08:52.553,33,51.8
"Dunmore, Horatio P",horatiodunmore@example.com,5000,2589,f6a805dadc1a4455afe7,Yes,2026-06-22T00:15:59.349,17,51.78
"Marchetti, Wilhelm J",wilhelmmarchetti@example.com,1000,517,9d3d743fe8fc4f67a665,Yes,2026-06-20T20:10:17.509,10,51.7
"Marchetti, Zinnia E",zinniamarchetti@example.com,1000,516,95165c8f4dfe4ed3a028,Yes,2026-06-30T21:07:48.604,15,51.6
"Ravenscroft, Antigone T",antigoneravenscroft@example.com,1000,516,d83f110658a44bff9488,Yes,2026-06-19T06:19:20.928,33,51.6
"Duckworth, Anthea J",antheaduckworth@example.com,8000,4122,2f5de177e3614045bec2,Yes,2026-06-22T11:05:57.109,27,51.52
"Ollivander, Fennimore P",fennimoreollivander@example.com,5000,2565,b375d848f4c344a1a5a2,Yes,2026-06-27T02:03:26.393,31,51.3
"Carmichael, Cornelius P",corneliuscarmichael@example.com,1000,513,2e6b48ace43d4069b866,Yes,2026-06-16T21:55:02.680,22,51.3
"Bletchley, Wendeline H",wendelinebletchley@example.com,8000,4102,c5fb9191bf99450487ba,Yes,2026-06-18T17:32:14.576,17,51.28
"Zabrowski, Reginald A",reginaldzabrowski@example.com,1000,511,501a0540b9d44dd99c1a,No,2026-06-25T16:32:49.128,32,51.1
"Hollingsworth, Horatio T",horatiohollingsworth2@example.com,10000,5092,ac572ea1d63b48ffa4df,Yes,2026-06-29T10:36:13.665,39,50.92
"Nightingale, Bartholomew R",bartholomewnightingale@example.com,15000,7627,87b0f830768342bd9a01,Yes,2026-06-27T14:03:22.476,25,50.85
"Hollingsworth, Elowen K",elowenhollingsworth@example.com,10000,5079,02b9555bca504f6ea9d1,Yes,2026-06-16T18:27:28.266,39,50.79
"Trelawney, Wendeline M",wendelinetrelawney@example.com,20000,10147,abb2768214854dd799c4,Yes,2026-06-22T14:27:35.880,14,50.73
"Nethercott, Ottoline L",ottolinenethercott@example.com,8000,4047,6f82be7eb78b455aacee,Yes,2026-06-09T13:52:13.698,15,50.59
"Ziegler, Endellion N",endellionziegler@example.com,15000,7564,304be8f02311439eafda,Yes,2026-06-16T09:43:43.432,24,50.43
"Hollingsworth, Nikolai R",nikolaihollingsworth@example.com,5000,2520,2a0a0c7d8b0f44888398,Yes,2026-06-29T07:20:14.514,36,50.4
"Wollstonecraft, Millicent N",millicentwollstonecraft@example.com,1000,504,a132ce261b054dd68dec,Yes,2026-06-02T20:46:28.153,34,50.4
"Marchetti, Percy S",percymarchetti@example.com,1000,499,ad8164150ff64cb2b668,Yes,2026-06-17T06:44:47.442,20,49.9
"Hollingsworth, Ulyssa J",ulyssahollingsworth@example.com,8000,3986,63f748c7929b404ba792,Yes,2026-06-06T20:01:51.274,32,49.83
"Rutherford, Rosamund J",rosamundrutherford@example.com,1000,498,e1dddbdcb673450dbeee,Yes,2026-06-07T01:39:46.302,9,49.8
"Pembrooke, Percy E",percypembrooke@example.com,10000,4974,272e6257b1084658b3f8,Yes,2026-06-14T06:18:03.122,10,49.74
"Trelawney, Lucius C",luciustrelawney@example.com,8000,3977,e1d849ad0a51475ea3b6,Yes,2026-06-17T11:51:48.676,27,49.71
"Kettering, Seraphina H",seraphinakettering@example.com,5000,2482,59a45244e4fb4f3ba8b1,Yes,2026-06-19T10:09:40.485,30,49.64
"Fairbanks, Calanthe M",calanthefairbanks2@example.com,1000,496,4b881af9ef3f41ffa8dc,Yes,2026-06-20T20:51:38.007,5,49.6
"Marchetti, Quillan R",quillanmarchetti@example.com,8000,3952,751983cc8d9d4b69946b,Yes,2026-06-11T17:25:23.183,37,49.4
"Kettering, Zephyrine C",zephyrinekettering@example.com,5000,2466,961e2f76def34892b3e8,Yes,2026-06-21T04:48:15.361,12,49.32
"Duckworth, Verity T",verityduckworth@example.com,8000,3945,da83cc952b464193a55a,Yes,2026-06-17T21:39:51.166,4,49.31
"Abernathy, Cornelius J",corneliusabernathy@example.com,5000,2464,56f80c7b7d28484ea9f7,Yes,2026-06-25T19:28:46.516,37,49.28
"Ulverston, Thaddeus D",thaddeusulverston@example.com,10000,4926,7e8938b48a354ea8abbf,Yes,2026-06-08T07:16:53.482,4,49.26
"Marchetti, Marlowe L",marlowemarchetti@example.com,8000,3913,0c6a22189c974b77bff0,Yes,2026-06-07T15:33:41.826,18,48.91
"Tremaine, Ambrose G",ambrosetremaine@example.com,10000,4882,0b0aec96f3394f1188ac,Yes,2026-06-22T13:23:48.154,21,48.82
"Wollstonecraft, Emmerich N",emmerichwollstonecraft@example.com,1000,488,4ac881936b9b4787859c,Yes,2026-06-24T03:40:54.969,22,48.8
"Beaumont, Evangeline L",evangelinebeaumont@example.com,20000,9722,78e107ca6278492fb336,Yes,2026-06-27T12:56:22.110,37,48.61
"Everhart, Dashiell A",dashielleverhart@example.com,1000,486,675942bf60064b25a05c,Yes,2026-06-16T04:29:11.740,40,48.6
"Jankowski, Fennimore P",fennimorejankowski@example.com,5000,2426,183f5575f84447c0b828,Yes,2026-06-03T11:00:40.167,23,48.52
"Ollivander, Leopold D",leopoldollivander@example.com,8000,3876,702d72206c894e79b304,No,2026-06-03T20:25:51.443,7,48.45
"Ashworth, Wilhelm W",wilhelmashworth@example.com,1000,483,67d36c4a47344da2883f,Yes,2026-06-24T00:10:07.042,30,48.3
"Satterthwaite, Rosalind C",rosalindsatterthwaite@example.com,10000,4829,f1bb33eb67524db4bc13,Yes,2026-06-16T21:26:05.733,24,48.29
"Marchetti, Ulyssa D",ulyssamarchetti@example.com,1000,482,a1c268ef8e9d48b5852d,Yes,2026-06-07T00:10:11.407,30,48.2
"Rutherford, Peregrine S",peregrinerutherford@example.com,10000,4809,46c19b413b734828b49a,Yes,2026-06-17T10:10:20.714,19,48.09
"Yelverton, Bartholomew B",bartholomewyelverton@example.com,1000,480,f2a821b1c41a4611bd27,Yes,2026-06-10T14:42:40.639,33,48.0
"Thornbury, Ottilie C",ottiliethornbury@example.com,1000,479,87a2e0d4560047ee9c5f,Yes,2026-06-15T11:20:11.201,13,47.9
"Wexford, Anthea L",antheawexford@example.com,1000,478,77f75c6476e14c3bba9e,Yes,2026-06-13T08:20:29.511,40,47.8
"Oxenford, Bramwell L",bramwelloxenford@example.com,8000,3813,cee367916ff249169c64,Yes,2026-06-14T17:10:14.369,2,47.66
"Harrington, Ottoline H",ottolineharrington@example.com,8000,3812,ae0bd86751934251baa2,Yes,2026-06-19T15:33:45.333,8,47.65
"Quigley, Corwin W",corwinquigley2@example.com,5000,2381,c5eb12add52d4ffdbffc,Yes,2026-06-13T20:44:05.469,17,47.62
"Everhart, Octavian C",octavianeverhart@example.com,1000,476,627f9f9cafc24922bd3e,Yes,2026-06-24T05:52:00.799,19,47.6
"Dunmore, Ottoline A",ottolinedunmore@example.com,1000,476,27f56fc8e70b4699ac73,Yes,2026-06-03T07:03:02.833,25,47.6
"Crenshaw, Evangeline A",evangelinecrenshaw@example.com,15000,7135,e39520e048744f6a8678,Yes,2026-06-10T18:32:03.282,31,47.57
"Jankowski, Millicent J",millicentjankowski@example.com,8000,3796,4aa2f452ceb74c86b5b6,Yes,2026-06-28T04:37:28.006,18,47.45
"Sinclair, Lucius G",luciussinclair@example.com,5000,2364,1547e2b2348246719f1b,Yes,2026-06-06T17:16:22.086,34,47.28
"Kettering, Anthea W",antheakettering@example.com,1000,472,e60741b94dec417ba341,Yes,2026-06-24T11:21:33.369,25,47.2
"Ollivander, Delphine M",delphineollivander@example.com,1000,469,ef786e610cb5435e8d7d,Yes,2026-06-27T12:05:49.432,9,46.9
"Prendergast, Reginald F",reginaldprendergast@example.com,1000,465,8f3e9808b6ae4b46a49e,Yes,2026-06-02T03:29:13.937,17,46.5
"Pennington, Calanthe A",calanthepennington@example.com,1000,464,6082387e666343299a01,Yes,2026-06-27T22:18:21.681,7,46.4
"Inglethorpe, Fennimore J",fennimoreinglethorpe@example.com,1000,464,7c15ec5a1ee74ed09adf,Yes,2026-06-23T23:49:51.563,7,46.4
"Bletchley, Beatrix W",beatrixbletchley@example.com,1000,464,974d7a14c6ca43068576,Yes,2026-06-02T04:36:09.145,17,46.4
"Bletchley, Marlowe L",marlowebletchley@example.com,1000,463,a364ae9ec6144ba99c65,Yes,2026-06-13T10:18:10.505,5,46.3
"Wetherby, Thaddeus F",thaddeuswetherby@example.com,1000,463,2a7444060b8b41829737,Yes,2026-06-17T13:57:59.471,22,46.3
"Ainsworth, Arabella D",arabellaainsworth@example.com,10000,4623,f6974c5ea1b94238be48,Yes,2026-06-18T00:20:55.769,25,46.23
"Kettering, Percy A",percykettering@example.com,10000,4618,f24ca4f8991f4476844f,Yes,2026-06-01T18:50:33.750,10,46.18
"Wollstonecraft, Lucius T",luciuswollstonecraft@example.com,15000,6912,df34456d0f6a49868e87,Yes,2026-06-06T07:16:20.788,2,46.08
"Illingworth, Barnaby J",barnabyillingworth@example.com,5000,2301,b068f8ef227c495fa1f5,Yes,2026-06-29T13:23:36.090,2,46.02
"Ravenscroft, Emmerich S",emmerichravenscroft@example.com,8000,3665,3bad41357fea45268a5d,Yes,2026-06-14T07:04:45.795,27,45.81
"Cholmondeley, Everard L",everardcholmondeley@example.com,1000,458,df676f47fb7c431aa33a,Yes,2026-06-06T07:53:14.498,33,45.8
"Carmichael, Fennimore W",fennimorecarmichael2@example.com,1000,456,d24041989d9c459b92f1,Yes,2026-06-22T09:49:13.530,5,45.6
"Ainsworth, Elowen P",elowenainsworth@example.com,5000,2267,6243afdec1254831a844,Yes,2026-06-10T13:06:55.100,22,45.34
"Northcote, Anthea G",antheanorthcote@example.com,1000,452,8c274612c6b343acb641,Yes,2026-06-07T10:15:56.015,20,45.2
"Inglethorpe, Bexley K",bexleyinglethorpe@example.com,10000,4516,a3f21f8c27c74295a6cb,Yes,2026-06-20T18:16:39.056,33,45.16
"Duckworth, Lysander L",lysanderduckworth@example.com,8000,3604,40361cb88fc94ca39a86,Yes,2026-06-14T01:07:09.867,11,45.05
"Ainsworth, Rosalind S",rosalindainsworth@example.com,8000,3597,aa1352c4ce6542838fed,Yes,2026-06-15T01:10:32.006,8,44.96
"Nightingale, Isolde P",isoldenightingale@example.com,1000,449,5b036bb46bdc4e79aeef,Yes,2026-06-27T17:49:00.355,32,44.9
"Uxbridge, Peregrine C",peregrineuxbridge@example.com,1000,445,a5c55ca179af4caeae44,Yes,2026-06-21T02:43:12.061,35,44.5
"Grimsby, Arabella J",arabellagrimsby@example.com,8000,3542,afb84df8888846d6be53,Yes,2026-06-25T06:22:34.609,4,44.27
"Hawthorne, Torsten D",torstenhawthorne@example.com,8000,3528,70c70cf46f4940db9442,Yes,2026-06-09T10:11:56.800,7,44.1
"Illingworth, Genevieve L",genevieveillingworth@example.com,1000,440,e3fb0b0adb764b41a0ec,Yes,2026-06-03T13:43:55.680,1,44.0
"Quigley, Horatio E",horatioquigley@example.com,5000,2197,6f22c86f77144cfc99e8,Yes,2026-06-24T20:35:31.535,24,43.94
"Satterthwaite, Lucius A",luciussatterthwaite4@example.com,8000,3512,7774a4c685164ce89058,Yes,2026-06-14T22:28:50.721,36,43.9
"Lindqvist, Xanthe P",xanthelindqvist@example.com,5000,2190,94c76ad7433746db8a6f,Yes,2026-06-25T04:41:06.091,33,43.8
"Villanueva, Wilhelm W",wilhelmvillanueva@example.com,5000,2187,55ccb5487af04ca582dd,Yes,2026-06-02T15:10:16.610,18,43.74
"Hawthorne, Cordelia L",cordeliahawthorne@example.com,20000,8729,0078935e1082417cbcbc,Yes,2026-06-27T08:42:11.605,4,43.65
"Ravenscroft, Lucius J",luciusravenscroft@example.com,1000,436,bc67c40390ac408ba0e4,Yes,2026-06-02T06:38:01.511,3,43.6
"Sinclair, Corwin F",corwinsinclair@example.com,1000,435,4ec6392504cb4950afb4,Yes,2026-06-13T11:17:24.351,14,43.5
"Harrington, Xanthe C",xantheharrington@example.com,1000,434,9475a87a1ace4e76bac1,Yes,2026-06-14T07:39:01.688,26,43.4
"Darlington, Evangeline D",evangelinedarlington@example.com,1000,434,516264257f984ad7bb93,Yes,2026-06-16T12:33:48.484,8,43.4
"Carmichael, Ambrose L",ambrosecarmichael@example.com,5000,2169,9e6983e6db7243e68826,Yes,2026-06-03T01:46:22.963,6,43.38
"Ainsworth, Philippa C",philippaainsworth2@example.com,1000,433,05b7c438b0e849afa50f,Yes,2026-06-16T16:17:02.223,28,43.3
"Uxbridge, Dashiell N",dashielluxbridge@example.com,5000,2164,2267ec76fcd94a9ba6eb,Yes,2026-06-11T22:46:28.211,16,43.28
"Ravenscroft, Delphine L",delphineravenscroft@example.com,10000,4328,9366e5eff43f4f6f95bc,Yes,2026-06-18T14:00:50.491,2,43.28
"Rutherford, Antigone D",antigonerutherford@example.com,1000,431,0b331093aba446399237,Yes,2026-06-20T01:45:52.846,6,43.1
"Mowbray, Bramwell R",bramwellmowbray@example.com,8000,3425,d7257d7d68034dbc8c44,Yes,2026-06-17T14:07:40.869,40,42.81
"Ziegler, Henrietta G",henriettaziegler@example.com,1000,428,8ca349da2e164222ba55,Yes,2026-06-08T18:47:14.638,14,42.8
"Fairbanks, Ulyssa C",ulyssafairbanks@example.com,8000,3406,57b95a66b7f24507b2b4,Yes,2026-06-28T09:50:42.719,31,42.58
"Thornbury, Quillan T",quillanthornbury@example.com,1000,424,966a4cfb4d864c278802,Yes,2026-06-15T06:25:24.985,39,42.4
"Ockendon, Cordelia W",cordeliaockendon@example.com,1000,424,eda5b767313247e59d0b,No,2026-06-14T11:52:48.928,16,42.4
"Harrington, Wendeline F",wendelineharrington@example.com,15000,6330,531b9af0b3e84519ba99,No,2026-06-18T02:58:36.314,16,42.2
"Mowbray, Everard H",everardmowbray@example.com,5000,2101,1cec20b1a251419897fd,Yes,2026-06-02T20:43:12.264,6,42.02
"Fotheringham, Peregrine M",peregrinefotheringham@example.com,1000,420,6975dfd027474621937d,Yes,2026-06-06T05:59:44.099,13,42.0
"Jessamine, Bramwell R",bramwelljessamine@example.com,20000,8386,3704babfccbb4e628272,Yes,2026-06-25T09:00:01.852,29,41.93
"Inglethorpe, Yorick E",yorickinglethorpe@example.com,1000,419,e1386712b8724562b316,Yes,2026-06-18T03:27:46.227,36,41.9
"Jankowski, Cordelia A",cordeliajankowski@example.com,5000,2091,ed250921f8b648f4971f,No,2026-06-14T18:10:30.097,33,41.82
"Rosewarne, Corwin D",corwinrosewarne@example.com,20000,8323,987cfbf492f24ca9b64e,Yes,2026-06-20T01:42:23.840,31,41.62
"Bletchley, Clementine P",clementinebletchley@example.com,5000,2075,ee15b65099f642d49847,Yes,2026-06-16T23:14:50.789,36,41.5
"Pembrooke, Rosamund P",rosamundpembrooke@example.com,1000,414,8b3edf8983564d14b78c,Yes,2026-06-13T07:19:50.407,36,41.4
"Rosewarne, Marisole R",marisolerosewarne@example.com,8000,3307,9f550e04573145578685,Yes,2026-06-06T02:29:35.444,17,41.34
"Rosewarne, Xanthe S",xantherosewarne@example.com,5000,2065,785279329472479f99a0,Yes,2026-06-12T06:07:02.517,21,41.3
"Darlington, Fennimore L",fennimoredarlington@example.com,1000,413,007fd9a91f5346868023,Yes,2026-06-12T05:05:00.648,36,41.3
"Yardley, Silvanus F",silvanusyardley@example.com,5000,2062,2352203352704dd782aa,Yes,2026-06-16T20:13:21.258,13,41.24
"Wexford, Montgomery L",montgomerywexford@example.com,1000,411,04def982c59c4e41891f,Yes,2026-06-01T23:00:06.276,38,41.1
"Ziegler, Cosima J",cosimaziegler@example.com,5000,2050,ab1e522de6cc4a128d10,Yes,2026-06-04T07:40:25.401,29,41.0
"Wollstonecraft, Emmerich F",emmerichwollstonecraft2@example.com,1000,410,96296d876b714fa49f63,Yes,2026-06-09T03:18:56.631,23,41.0
"Nightingale, Percival J",percivalnightingale@example.com,5000,2048,ed5184895363476d93f9,Yes,2026-06-05T23:43:41.818,15,40.96
"Carmichael, Ottilie A",ottiliecarmichael@example.com,1000,406,cce6194f72f143b393cf,Yes,2026-06-26T16:56:59.941,33,40.6
"Godfrey, Torsten M",torstengodfrey2@example.com,1000,405,584aab9574de4b609c5a,Yes,2026-06-08T09:55:16.624,28,40.5
"Oxenford, Casimir T",casimiroxenford2@example.com,8000,3235,a7eb291774b54455b00e,Yes,2026-06-10T16:04:17.811,7,40.44
"Harrington, Zinnia A",zinniaharrington@example.com,1000,402,7df17cb0074e46d78420,Yes,2026-06-26T06:26:49.156,24,40.2
"Nethercott, Beatrix E",beatrixnethercott2@example.com,1000,402,a8bf0a3ee7424234bfd0,Yes,2026-07-01T04:49:48.465,36,40.2
"Tremaine, Persephone T",persephonetremaine@example.com,5000,2009,2a4dc8d323e4481199c3,Yes,2026-06-19T18:10:18.631,21,40.18
"Grimsby, Endellion E",endelliongrimsby@example.com,1000,401,088f291df8de4d84b8d2,Yes,2026-06-18T17:27:40.452,27,40.1
"Jorgensen, Balthazar E",balthazarjorgensen@example.com,5000,2003,2b9353138b2b45d58c9f,Yes,2026-06-05T06:37:24.828,23,40.06
"Tremaine, Yorick P",yoricktremaine@example.com,10000,3986,564d3aad76254622b931,Yes,2026-06-21T21:46:25.770,35,39.86
"Beaumont, Fitzgerald M",fitzgeraldbeaumont@example.com,1000,398,174c44c049d4414d8d50,Yes,2026-06-09T06:34:14.070,37,39.8
"Lindqvist, Yorick F",yoricklindqvist@example.com,1000,396,6bd3b1b286704f90aacf,Yes,2026-06-19T14:15:26.018,7,39.6
"Cadwallader, Leopold L",leopoldcadwallader@example.com,5000,1969,bb039e44e6cb466e8737,Yes,2026-06-05T06:05:27.457,13,39.38
"Ollivander, Horatio H",horatioollivander@example.com,5000,1946,f7a42e90e4fe45539be6,Yes,2026-06-20T06:48:28.985,31,38.92
"Zabrowski, Ferdinand G",ferdinandzabrowski@example.com,1000,385,7fc3b7a2cf554226b169,No,2026-06-18T00:01:22.180,39,38.5
"Attenborough, Marguerite A",margueriteattenborough@example.com,15000,5760,a366615d56614552b20e,Yes,2026-06-19T03:17:46.340,12,38.4
"Ollivander, Percival P",percivalollivander@example.com,8000,3068,720fdaa680264a108ef4,Yes,2026-06-27T16:24:08.835,25,38.35
"Yardley, Cornelius W",corneliusyardley@example.com,15000,5726,1edfba4bdcd8453cb93d,Yes,2026-06-21T13:56:29.917,25,38.17
"Ashworth, Peregrine K",peregrineashworth@example.com,1000,381,ab2ec9171b734d00b956,Yes,2026-06-07T02:00:16.759,29,38.1
"Jessamine, Elowen M",elowenjessamine@example.com,1000,381,1c222a83bccb463d80a0,Yes,2026-06-19T08:47:26.976,25,38.1
"Illingworth, Bexley W",bexleyillingworth@example.com,1000,380,043763c00b024100aaa7,Yes,2026-06-09T15:44:04.363,3,38.0
"Edgecombe, Ambrose B",ambroseedgecombe@example.com,5000,1897,2b65de801da14147b1f3,Yes,2026-06-21T09:49:51.823,21,37.94
"Marchetti, Everard D",everardmarchetti@example.com,10000,3789,cf226b8c19a4475696bd,Yes,2026-06-24T20:55:08.433,35,37.89
"Vandersloot, Quillan F",quillanvandersloot@example.com,5000,1889,283173df741342b7a6f9,Yes,2026-06-24T16:46:41.361,1,37.78
"Wexford, Quillan M",quillanwexford@example.com,15000,5582,5d6b6c7b6204445abcc3,No,2026-06-02T21:34:49.863,13,37.21
"Tremaine, Delphine S",delphinetremaine@example.com,1000,372,2e94549e18d44e3aa236,Yes,2026-06-14T23:05:59.757,32,37.2
"Quennell, Horatio H",horatioquennell@example.com,8000,2945,f91d63440c6040b5a1e3,Yes,2026-06-01T03:01:55.491,40,36.81
"Darlington, Bexley R",bexleydarlington@example.com,5000,1839,c5652f7d1d5e45e0919e,Yes,2026-06-11T17:25:23.177,15,36.78
"Jorgensen, Reginald S",reginaldjorgensen@example.com,1000,367,4251300e799f4779becc,Yes,2026-06-06T20:59:14.898,20,36.7
"Crenshaw, Beatrix W",beatrixcrenshaw@example.com,5000,1827,094f9033a0bf4f95ad0d,Yes,2026-06-04T21:28:45.728,21,36.54
"Northcote, Leopold N",leopoldnorthcote@example.com,1000,364,e3e61d75b121446cb413,Yes,2026-06-01T20:53:44.736,26,36.4
"Braithwaite, Seraphina F",seraphinabraithwaite@example.com,5000,1816,bd6fe62cde264b4bbb64,Yes,2026-06-14T07:07:39.550,35,36.32
"Duckworth, Rafferty C",raffertyduckworth@example.com,1000,363,aca9ab76982349ccb2d2,Yes,2026-05-31T12:39:36.021,40,36.3
"Kensington, Casimir J",casimirkensington2@example.com,15000,5436,96b5b392560b43ada418,No,2026-06-02T03:23:51.071,22,36.24
"Quartermaine, Isolde B",isoldequartermaine@example.com,8000,2886,0a7c1601ee37418dacea,Yes,2026-06-12T07:00:15.777,15,36.08
"Ivorson, Percy P",percyivorson@example.com,1000,360,fa9de07e773844ddb598,Yes,2026-06-27T12:50:13.733,30,36.0
"Merriweather, Emmerich D",emmerichmerriweather@example.com,1000,358,65e06b30c0684f428078,Yes,2026-06-18T07:02:42.248,18,35.8
"Ainsworth, Hesper C",hesperainsworth2@example.com,8000,2863,ae4e2a8c7e8247838d52,Yes,2026-06-08T19:10:03.182,8,35.79
"Merriweather, Dashiell A",dashiellmerriweather@example.com,15000,5367,c61869dbaf7d41d3994b,Yes,2026-06-02T10:34:42.602,27,35.78
"Bletchley, Rosalind J",rosalindbletchley@example.com,8000,2837,9b01e511d21f4fdfbb39,Yes,2026-06-11T19:00:24.558,36,35.46
"Oxenford, Rosamund P",rosamundoxenford@example.com,10000,3542,42fd916f540a4be78e5e,No,2026-06-20T00:19:04.229,37,35.42
"Blackwood, Marlowe B",marloweblackwood@example.com,1000,353,e790951480b9459089db,Yes,2026-06-25T21:32:34.101,33,35.3
"Thornbury, Thibault C",thibaultthornbury@example.com,1000,353,7f9664d4d8934410a1e0,Yes,2026-06-27T00:06:10.494,38,35.3
"Oxenford, Torsten G",torstenoxenford@example.com,1000,351,ac99b0a2f0794258825d,Yes,2026-06-14T05:48:12.289,34,35.1
"Villanueva, Fitzgerald D",fitzgeraldvillanueva@example.com,1000,351,b50aa2e492e54a328c56,Yes,2026-06-03T15:15:59.083,37,35.1
"Uxbridge, Montgomery E",montgomeryuxbridge@example.com,10000,3500,b0f04f3334234c4a954c,Yes,2026-06-27T11:48:31.254,3,35.0
"Kensington, Millicent G",millicentkensington@example.com,5000,1745,6fb8b8bd398446d5aa9b,Yes,2026-06-15T23:25:01.249,10,34.9
"Mowbray, Lysander S",lysandermowbray@example.com,10000,3473,30c3ba20522f44de808f,Yes,2026-06-11T21:22:06.193,40,34.73
"Northcote, Dashiell H",dashiellnorthcote@example.com,5000,1734,afd926e14ce34d9d9d66,Yes,2026-06-28T05:08:00.515,2,34.68
"Rutherford, Fennimore D",fennimorerutherford@example.com,5000,1725,c3a6053c0b464854ad3f,Yes,2026-06-08T02:01:17.280,6,34.5
"Quartermaine, Fennimore C",fennimorequartermaine@example.com,1000,343,4f593f6bf3b2452a9b50,Yes,2026-06-18T15:57:49.796,13,34.3
"Braithwaite, Corwin F",corwinbraithwaite@example.com,1000,343,f47ec2b50668421f8017,Yes,2026-06-26T09:56:18.372,17,34.3
"Rosewarne, Delphine K",delphinerosewarne@example.com,1000,343,992a0c7f32c344618439,Yes,2026-06-02T17:17:44.005,29,34.3
"Fairbanks, Elowen P",elowenfairbanks@example.com,8000,2727,4db669638fc3436c8150,Yes,2026-06-16T10:31:40.486,35,34.09
"Grimsby, Barnaby D",barnabygrimsby@example.com,5000,1685,a0168626f6244d3b9f5b,Yes,2026-06-02T15:32:23.931,20,33.7
"Fotheringham, Ambrose W",ambrosefotheringham@example.com,5000,1683,094b9e1f859b49f39bc4,Yes,2026-06-12T16:40:22.514,15,33.66
"Lindqvist, Millicent A",millicentlindqvist2@example.com,5000,1680,318bdce9741c43b4aec7,Yes,2026-06-02T23:42:32.858,31,33.6
"Stroganov, Rosamund N",rosamundstroganov@example.com,15000,5035,56f1df353f9442f78089,Yes,2026-06-05T10:23:07.825,6,33.57
"Locksley, Yorick G",yoricklocksley@example.com,8000,2669,6fe9fb9dcecb4a7999a8,Yes,2026-06-24T04:09:47.226,18,33.36
"Vandersloot, Yorick E",yorickvandersloot@example.com,20000,6664,5b5604c2430b4145bbae,Yes,2026-06-02T20:29:57.776,4,33.32
"Kirkpatrick, Xanthe K",xanthekirkpatrick@example.com,1000,330,fcbba537461c4fc6a292,No,2026-06-22T15:55:39.928,17,33.0
"Hawthorne, Philippa J",philippahawthorne@example.com,5000,1640,a166b1b71438418f8206,Yes,2026-06-23T21:10:12.122,17,32.8
"Ivorson, Ambrose L",ambroseivorson@example.com,15000,4898,aa57a64c32864d478e02,Yes,2026-06-23T15:46:36.180,40,32.65
"Cholmondeley, Casimir L",casimircholmondeley@example.com,10000,3215,f8f3cb9dd77b4be59ef8,Yes,2026-06-16T08:27:24.326,19,32.15
"Everhart, Cosima W",cosimaeverhart@example.com,1000,318,f778e4f60ea14a9d8eac,Yes,2026-06-14T00:56:13.824,27,31.8
"Pennington, Marguerite A",margueritepennington@example.com,5000,1589,dd6547e4819e4d0981d5,Yes,2026-06-06T23:08:51.714,29,31.78
"Trelawney, Yorick J",yoricktrelawney@example.com,1000,317,4cff13c3f5a344d19115,Yes,2026-06-03T12:34:51.865,19,31.7
"Braithwaite, Dashiell D",dashiellbraithwaite@example.com,5000,1580,a98038ddf4a541b8843b,Yes,2026-06-01T03:52:41.757,22,31.6
"Pembrooke, Endellion W",endellionpembrooke@example.com,5000,1580,528f7546a783497abc50,Yes,2026-06-01T23:28:56.034,36,31.6
"Abernathy, Marisole H",marisoleabernathy@example.com,20000,6305,c8b83601c6244f59a0ff,Yes,2026-06-10T19:20:16.956,34,31.52
"Northcote, Montgomery L",montgomerynorthcote@example.com,5000,1571,451a77ea9ebd480ab60f,Yes,2026-06-27T13:03:45.820,21,31.42
"Satterthwaite, Octavian J",octaviansatterthwaite@example.com,1000,314,2c6621bf1ebb4783b2e9,Yes,2026-06-12T14:05:05.621,26,31.4
"Wexford, Torsten N",torstenwexford@example.com,1000,311,95b0c59119ec4d498314,Yes,2026-06-06T03:10:47.722,2,31.1
"Merriweather, Ulyssa W",ulyssamerriweather@example.com,20000,6153,597f3b75c0b24a6e8e33,Yes,2026-06-20T03:29:24.226,28,30.76
"Ivorson, Torsten D",torstenivorson@example.com,5000,1532,cc0875d4344249f6ad5c,Yes,2026-06-27T20:13:42.069,9,30.64
"Inglethorpe, Bramwell T",bramwellinglethorpe@example.com,1000,305,5979fd9a823d4908b6ea,Yes,2026-06-23T06:37:30.639,4,30.5
"Vandersloot, Percy F",percyvandersloot@example.com,5000,1520,35d7f6def87d4f939335,Yes,2026-06-24T09:07:41.583,16,30.4
"Stroganov, Balthazar S",balthazarstroganov@example.com,20000,6078,409c796902ba4f1bb143,Yes,2026-06-25T15:01:42.448,7,30.39
"Jessamine, Corwin R",corwinjessamine@example.com,1000,303,0d3b3b25740a427abfc4,Yes,2026-06-10T10:13:24.802,25,30.3
"Quennell, Percival C",percivalquennell@example.com,15000,4532,f74e64c943a8499e817c,Yes,2026-06-11T03:37:58.071,15,30.21
"Crenshaw, Quillan L",quillancrenshaw@example.com,1000,302,e8ad42ced26f447fa871,Yes,2026-06-05T10:00:28.244,33,30.2
"Illingworth, Ottoline H",ottolineillingworth@example.com,5000,1508,81265b2ae3f74c73b6cb,Yes,2026-06-14T15:52:57.151,35,30.16
"Ollivander, Evangeline S",evangelineollivander@example.com,8000,2402,a5255ea9031146fab844,Yes,2026-06-10T17:17:35.196,38,30.03
"Locksley, Montgomery L",montgomerylocksley@example.com,5000,1493,72217429f09d4730a8d5,No,2026-06-20T15:53:54.401,29,29.86
"Galbraith, Zinnia P",zinniagalbraith@example.com,5000,1489,29ce7b5493704a348921,Yes,2026-06-05T01:25:46.074,23,29.78
"Blackwood, Bartholomew T",bartholomewblackwood@example.com,8000,2372,5667b0d74528473db3af,Yes,2026-06-23T21:40:31.693,3,29.65
"Nethercott, Corwin M",corwinnethercott@example.com,20000,5896,def3b03166ef4b788531,No,2026-06-27T05:36:25.192,19,29.48
"Wollstonecraft, Yorick J",yorickwollstonecraft@example.com,5000,1465,ffbdd988f4164ce08c94,Yes,2026-06-05T03:27:54.202,38,29.3
"Fotheringham, Xanthe R",xanthefotheringham@example.com,8000,2344,a00681c29c924c0ca3c8,Yes,2026-06-18T11:46:05.744,24,29.3
"Kirkpatrick, Genevieve M",genevievekirkpatrick@example.com,5000,1458,ccd857c5ae9541d3aad1,Yes,2026-06-15T15:58:26.800,35,29.16
"Pembrooke, Corwin E",corwinpembrooke@example.com,5000,1455,d453f6a118b143cabeb3,Yes,2026-06-09T17:08:05.434,4,29.1
"Prendergast, Hesper W",hesperprendergast@example.com,1000,290,f34b41f6ed07489fa524,Yes,2026-06-28T02:46:33.327,33,29.0
"Jankowski, Verity E",verityjankowski3@example.com,5000,1420,b89bdbbe82f94a9ebd8b,Yes,2026-06-04T08:59:17.469,28,28.4
"Ainsworth, Philippa D",philippaainsworth@example.com,8000,2265,fcbca3a27e434073852e,Yes,2026-06-04T13:24:40.474,29,28.31
"Rutherford, Ambrose K",ambroserutherford@example.com,1000,282,66a8bac5ee8f47ab9b7c,Yes,2026-06-25T04:16:54.942,37,28.2
"Ulverston, Ulyssa T",ulyssaulverston@example.com,5000,1405,fab3fccf2e0b4443bc0c,Yes,2026-06-20T11:22:19.358,4,28.1
"Lattimore, Peregrine R",peregrinelattimore@example.com,15000,4196,2c6a77bc26a0430dac36,Yes,2026-06-09T16:38:32.881,39,27.97
"Godfrey, Ambrose B",ambrosegodfrey@example.com,5000,1392,b990bef03caf4d5a9104,Yes,2026-06-22T08:51:10.300,7,27.84
"Godfrey, Rosalind P",rosalindgodfrey@example.com,20000,5568,cd8d1740d4474910b28e,Yes,2026-06-03T13:30:18.836,13,27.84
"Abernathy, Yorick R",yorickabernathy@example.com,1000,277,3616944a65ee4ae69b10,Yes,2026-06-28T08:02:26.449,34,27.7
"Wetherby, Lysander C",lysanderwetherby@example.com,5000,1380,d568efbe3bda42daaadb,Yes,2026-06-10T07:00:19.412,14,27.6
"Zabrowski, Horatio R",horatiozabrowski@example.com,5000,1377,167ecf9679cd4dea8adb,Yes,2026-05-31T20:28:54.208,12,27.54
"Merriweather, Rafferty G",raffertymerriweather@example.com,10000,2734,164b0886f119421a8e21,Yes,2026-06-26T11:06:51.831,35,27.34
"Cholmondeley, Percy L",percycholmondeley@example.com,10000,2727,4956ed57a3584538b098,Yes,2026-06-09T05:03:53.697,1,27.27
"Mowbray, Bexley M",bexleymowbray@example.com,1000,265,d61c619c42b0478a8550,Yes,2026-06-17T04:01:16.231,36,26.5
"Carmichael, Marlowe F",marlowecarmichael@example.com,1000,260,ba0fc573d9244848aa1b,Yes,2026-06-15T19:57:10.143,34,26.0
"Kensington, Wilhelmina T",wilhelminakensington@example.com,5000,1274,195b5037b96c4a91acc5,Yes,2026-06-13T13:19:33.374,3,25.48
"Quigley, Rafferty T",raffertyquigley@example.com,1000,253,9fab57d82bcb4bfe8afd,No,2026-06-21T09:50:57.425,4,25.3
"Kensington, Beatrix J",beatrixkensington@example.com,15000,3786,d9d0df133d83473fa517,Yes,2026-06-07T09:44:15.763,22,25.24
"Vandersloot, Casimir A",casimirvandersloot@example.com,8000,2010,d79095bdf96f44e49438,Yes,2026-06-20T10:36:33.802,35,25.12
"Jankowski, Lachlan L",lachlanjankowski@example.com,1000,251,14cab2492ab7477e84aa,Yes,2026-06-21T08:07:12.703,24,25.1
"Crenshaw, Ottilie N",ottiliecrenshaw@example.com,1000,250,c18670fcdef14706bfa3,Yes,2026-06-11T18:18:00.851,35,25.0
"Grimsby, Bartholomew L",bartholomewgrimsby2@example.com,10000,2496,48d879990288470b8bd0,Yes,2026-06-09T22:50:29.155,33,24.96
"Fotheringham, Cordelia K",cordeliafotheringham@example.com,20000,4993,9097da7b5da341259da6,Yes,2026-06-15T05:19:10.423,21,24.96
"Edgecombe, Quillan R",quillanedgecombe@example.com,1000,249,0740e6789a9b4fd7849b,Yes,2026-06-21T20:26:40.926,38,24.9
"Trelawney, Elowen W",elowentrelawney@example.com,5000,1188,b2b82f3934fd427fb9cb,Yes,2026-06-18T23:45:55.871,32,23.76
"Northcote, Arabella N",arabellanorthcote@example.com,1000,236,bc0f8eb8dc9744e39b21,Yes,2026-06-12T23:01:40.367,4,23.6
"Thornbury, Cornelius M",corneliusthornbury@example.com,8000,1887,48ba22a1fd414a80a5a1,Yes,2026-06-16T18:45:33.843,13,23.59
"Uxbridge, Henrietta N",henriettauxbridge@example.com,5000,1177,19259e4f33e54d3daea4,Yes,2026-06-26T14:17:15.564,8,23.54
"Vandersloot, Lachlan G",lachlanvandersloot@example.com,5000,1171,3f7160a1b53a47599239,Yes,2026-06-30T00:55:02.623,5,23.42
"Ainsworth, Zinnia C",zinniaainsworth@example.com,8000,1863,0d1c5bf7896f432fb08a,Yes,2026-06-15T17:26:59.675,26,23.29
"Duckworth, Marisole R",marisoleduckworth@example.com,5000,1153,4167241f1cf649f99eac,Yes,2026-06-27T12:56:23.418,13,23.06
"Nightingale, Wendeline K",wendelinenightingale@example.com,15000,3437,116ab11dde7e45fca50d,Yes,2026-06-20T06:58:33.134,1,22.91
"Duckworth, Balthazar T",balthazarduckworth@example.com,10000,2281,64d84be058484908878d,Yes,2026-06-18T13:05:07.719,28,22.81
"Rutherford, Torsten G",torstenrutherford@example.com,1000,226,549c392005d54c4da5d2,Yes,2026-06-21T11:52:48.795,13,22.6
"Harrington, Clementine W",clementineharrington@example.com,15000,3337,52bc1b890e604d4186be,Yes,2026-06-02T14:08:03.597,36,22.25
"Illingworth, Reginald K",reginaldillingworth@example.com,5000,1088,4925be7435414ee9bc7f,Yes,2026-06-14T15:03:18.564,32,21.76
"Pennington, Anthea W",antheapennington@example.com,5000,1087,bf30bf3aa0e94b50b0e1,Yes,2026-06-01T12:36:03.353,4,21.74
"Dunmore, Cassian L",cassiandunmore@example.com,5000,1083,69e8f1387c494bdfac36,Yes,2026-06-29T22:51:22.212,1,21.66
"Attenborough, Nikolai D",nikolaiattenborough@example.com,1000,213,d5f922746e8d4f0ab719,Yes,2026-06-15T14:25:46.301,20,21.3
"Stroganov, Elowen C",elowenstroganov@example.com,10000,2122,3cad175705b14802b2c7,Yes,2026-06-10T01:46:48.395,36,21.22
"Grimsby, Millicent L",millicentgrimsby@example.com,10000,2063,336cad9f6c7c471a94e7,Yes,2026-06-22T14:04:13.787,25,20.63
"Wollstonecraft, Antigone R",antigonewollstonecraft@example.com,5000,1022,361b0ce90b094fafa281,Yes,2026-06-21T11:48:32.613,3,20.44
"Yelverton, Marlowe T",marloweyelverton@example.com,8000,1605,16e6d7673ba64b0b8659,Yes,2026-06-12T20:15:11.255,16,20.06
"Quennell, Solveig K",solveigquennell@example.com,10000,1968,687bffa2a304440c9d5f,Yes,2026-06-29T03:56:15.492,32,19.68
"Stroganov, Octavian W",octavianstroganov@example.com,5000,983,1759bedfdd734011be5f,Yes,2026-06-05T20:44:11.920,2,19.66
"Galbraith, Arabella K",arabellagalbraith@example.com,1000,188,12152ba7b55847c687fe,Yes,2026-06-21T02:30:42.150,20,18.8
"Ockendon, Emmerich C",emmerichockendon@example.com,10000,1816,ed3b342b09c24563938e,Yes,2026-06-03T21:24:46.103,19,18.16
"Kirkpatrick, Bramwell B",bramwellkirkpatrick@example.com,1000,181,a8511373682f4511bdd6,Yes,2026-06-06T01:54:53.031,37,18.1
"Mowbray, Dashiell K",dashiellmowbray@example.com,15000,2708,1a277bc500a94ee8aefe,Yes,2026-06-19T17:03:40.691,16,18.05
"Kirkpatrick, Delphine P",delphinekirkpatrick2@example.com,20000,3603,f080a21c88e84c5eb3bb,Yes,2026-06-09T22:17:34.294,4,18.02
"Jessamine, Percy H",percyjessamine@example.com,5000,898,011b8af2a5dd49038895,Yes,2026-06-24T01:28:51.864,8,17.96
"Satterthwaite, Elowen S",elowensatterthwaite@example.com,10000,1781,c2ddc56162e84733bc16,Yes,2026-06-30T22:54:33.575,27,17.81
"Fotheringham, Quillan F",quillanfotheringham@example.com,5000,881,bc8bec4f86f84513a00e,Yes,2026-06-28T12:25:19.594,10,17.62
"Attenborough, Thaddeus K",thaddeusattenborough@example.com,5000,855,d57eb8a1abc144caa1e5,Yes,2026-06-04T22:03:48.171,14,17.1
"Satterthwaite, Hesper C",hespersatterthwaite@example.com,1000,163,218ce630bea84c92afbd,Yes,2026-06-02T17:58:18.511,4,16.3
"Galbraith, Clementine F",clementinegalbraith@example.com,1000,163,bd4f644beeb2454f8cef,Yes,2026-06-15T23:47:03.012,2,16.3
"Braithwaite, Percy E",percybraithwaite@example.com,10000,1624,3be443151d4046dd9271,Yes,2026-06-05T23:38:47.717,18,16.24
"Cadwallader, Octavian T",octaviancadwallader@example.com,10000,1578,faa86881a78f42428f63,Yes,2026-06-12T19:16:43.651,33,15.78
"Ulverston, Beatrix B",beatrixulverston@example.com,5000,787,301df27897c64ce9b83a,Yes,2026-06-24T21:30:04.789,40,15.74
"Voskuijlen, Rafferty A",raffertyvoskuijlen2@example.com,5000,770,7dee562bf0ff4e5a9dfd,Yes,2026-06-22T03:41:51.932,38,15.4
"Dunmore, Evangeline C",evangelinedunmore@example.com,5000,768,49f9dc38f2434193b676,Yes,2026-06-04T19:09:54.970,18,15.36
"Ziegler, Genevieve P",genevieveziegler@example.com,1000,146,005cf3c53a7d46e18ff4,Yes,2026-06-14T00:08:52.000,8,14.6
"Bletchley, Marguerite N",margueritebletchley@example.com,5000,728,f93c8c5ffcc64bf480bd,Yes,2026-06-20T18:57:03.286,16,14.56
"Abernathy, Casimir C",casimirabernathy@example.com,1000,145,7e8a5c7e2b734148864e,Yes,2026-06-07T06:46:06.408,20,14.5
"Oxenford, Henrietta F",henriettaoxenford@example.com,5000,716,6c6ee5d02aa54ae79073,Yes,2026-06-10T08:07:04.866,19,14.32
"Quennell, Dashiell G",dashiellquennell@example.com,10000,1391,74ef66a5bd0747089574,Yes,2026-06-29T13:19:59.035,31,13.91
"Rosewarne, Balthazar M",balthazarrosewarne@example.com,1000,132,0331cf9e5298424a8f04,Yes,2026-06-18T18:17:17.762,26,13.2
"Cadwallader, Beatrix S",beatrixcadwallader@example.com,5000,650,eacf6ff3297b4bbdaa2b,Yes,2026-06-20T02:23:31.639,12,13.0
"Crenshaw, Ottoline S",ottolinecrenshaw2@example.com,8000,1040,9e16c6a49f1c4f50903b,Yes,2026-06-27T20:15:18.986,27,13.0
"Hawthorne, Casimir M",casimirhawthorne@example.com,1000,129,1cfa6a871a75471bb639,Yes,2026-06-25T12:06:50.275,30,12.9
"Prendergast, Verity A",verityprendergast@example.com,20000,2575,5fbf633c401140cea382,Yes,2026-05-31T22:16:49.852,2,12.88
"Braithwaite, Ottoline E",ottolinebraithwaite@example.com,1000,128,dcebe3b216534d25a380,Yes,2026-06-24T02:57:54.625,8,12.8
"Jessamine, Fitzgerald H",fitzgeraldjessamine@example.com,5000,615,3700a68308e5481e8220,Yes,2026-06-16T00:03:09.023,22,12.3
"Ockendon, Fitzgerald H",fitzgeraldockendon2@example.com,10000,1197,6b4ea57d7c4c4aeab199,Yes,2026-06-19T23:48:34.946,7,11.97
"Kirkpatrick, Wilhelm T",wilhelmkirkpatrick@example.com,1000,115,775924f55c5040d4b496,Yes,2026-06-03T03:38:08.350,15,11.5
"Rutherford, Fitzgerald H",fitzgeraldrutherford@example.com,15000,1699,07ba056f1d3147f7a169,Yes,2026-06-14T21:37:30.235,33,11.33
"Tremaine, Percival E",percivaltremaine@example.com,10000,1110,51c0ab8e053a4a978598,Yes,2026-06-27T08:38:38.685,24,11.1
"Edgecombe, Beatrix P",beatrixedgecombe@example.com,8000,887,815c9a0b7c304ff491a5,Yes,2026-06-26T06:35:02.550,29,11.09
"Uxbridge, Zephyrine E",zephyrineuxbridge@example.com,5000,550,e767b5ef82b34b439e6f,Yes,2026-06-05T16:32:41.288,34,11.0
"Fairbanks, Xanthe N",xanthefairbanks@example.com,1000,106,c38674f993364a91b381,Yes,2026-06-22T04:44:04.315,35,10.6
"Jessamine, Marguerite W",margueritejessamine@example.com,10000,1051,2d1770dd5d1b43d2a4bc,Yes,2026-06-09T19:08:03.381,37,10.51
"Ziegler, Leopold E",leopoldziegler@example.com,10000,1048,6ed97dad72454c1fb1e2,Yes,2026-06-07T22:44:28.071,5,10.48
"Galbraith, Solveig R",solveiggalbraith2@example.com,1000,96,b4a88d2a17c04290a29a,Yes,2026-06-28T17:40:11.135,35,9.6
"Lattimore, Thaddeus S",thaddeuslattimore@example.com,1000,92,ad78ce2aa0504147a241,Yes,2026-06-10T11:24:10.656,3,9.2
"Jankowski, Verity B",verityjankowski@example.com,15000,1319,00fb117f1ee04b4999a9,Yes,2026-06-05T04:28:45.166,34,8.79
"Jankowski, Odalys H",odalysjankowski@example.com,8000,659,5b5912a92e3b4413aac8,Yes,2026-06-04T05:20:44.385,22,8.24
"Merriweather, Marguerite T",margueritemerriweather@example.com,5000,412,ea92f5bff4f44fbdbd0f,Yes,2026-06-16T02:14:45.268,33,8.24
"Braithwaite, Dashiell M",dashiellbraithwaite2@example.com,1000,81,d49751e6efcd4e0387b0,Yes,2026-06-10T22:02:01.521,22,8.1
"Oxenford, Solveig A",solveigoxenford@example.com,1000,79,6477daacfe4a488d9ac5,Yes,2026-06-29T13:46:51.127,17,7.9
"Voskuijlen, Odalys L",odalysvoskuijlen@example.com,5000,366,cf46c151a6e748ba9b36,No,2026-06-05T06:57:07.684,27,7.32
"Quennell, Nikolai T",nikolaiquennell@example.com,5000,312,965a83d762694b5ca91c,Yes,2026-06-13T06:51:50.850,36,6.24
"Ulverston, Arabella A",arabellaulverston@example.com,1000,61,0ac30ff99ebe4a7d98b5,No,2026-06-12T21:12:31.735,35,6.1
"Fairbanks, Ignatius K",ignatiusfairbanks@example.com,8000,430,b1ac51bc9a114823b503,Yes,2026-05-31T13:22:47.750,32,5.38
"Sinclair, Anthea C",antheasinclair@example.com,1000,45,5bef818eba724ea58168,Yes,2026-06-02T02:49:23.114,29,4.5
"Ulverston, Wilhelm C",wilhelmulverston@example.com,20000,823,1fb2cf7d80b647429c5b,Yes,2026-06-16T08:50:28.605,7,4.12
"Hollingsworth, Thibault J",thibaulthollingsworth@example.com,8000,301,48f260f4d8e44644951e,Yes,2026-06-23T07:31:07.433,8,3.76
"Hollingsworth, Horatio K",horatiohollingsworth@example.com,5000,166,a881ed43f31f4e94a2cc,Yes,2026-06-27T16:01:44.184,13,3.32
"Jankowski, Zinnia N",zinniajankowski@example.com,8000,262,62a04c25302243f6a9fc,Yes,2026-06-23T07:03:16.614,28,3.28
"Stroganov, Montgomery B",montgomerystroganov@example.com,1000,31,bf5e693dc09448dd8129,Yes,2026-05-31T21:54:45.220,15,3.1
"Merriweather, Wilhelm E",wilhelmmerriweather@example.com,1000,26,f5b70370338d464fb9ac,Yes,2026-06-09T13:05:26.551,18,2.6
"Hollingsworth, Clementine P",clementinehollingsworth@example.com,10000,172,eb2ab70a4cf04e7e97f0,Yes,2026-06-11T09:06:20.822,39,1.72
"Ulverston, Alaric K",alariculverston@example.com,5000,48,7c9d7f921ebe4386ab21,Yes,2026-06-27T16:41:33.142,27,0.96
"Locksley, Henrietta R",henriettalocksley@example.com,1000,1,78a4f4df280d4cefb2f3,Yes,2026-06-08T01:19:31.652,9,0.1
"Kensington, Clementine A",clementinekensington@example.com,10000,0,374958a8342e43c2bb4b,Yes,2026-06-08T08:26:15.073,39,0.0
"Trelawney, Beatrix S",beatrixtrelawney@example.com,10000,0,bffe72190f65468cadb3,Yes,2026-06-22T23:15:09.973,3,0.0
"Blackwood, Cordelia R",cordeliablackwood@example.com,1,0,398b6641f16c4926b5a4,Yes,2026-06-19T23:07:31.345,27,0.0
"Jankowski, Seraphina A",seraphinajankowski@example.com,1000,0,a0cfc5fda8d0415aacf9,Yes,2026-06-28T13:01:47.251,2,0.0
"Lindqvist, Marguerite J",margueritelindqvist@example.com,5000,0,a192e235ce964dd6a507,Yes,2026-06-22T19:09:48.714,21,0.0
"Pembrooke, Silvanus H",silvanuspembrooke@example.com,5000,0,683eb32f928e4a779fc5,Yes,2026-06-04T05:36:25.769,10,0.0
"Sinclair, Henrietta W",henriettasinclair@example.com,1,0,b29b4ad6f08c413bbb36,Yes,2026-06-13T15:15:11.810,22,0.0
"Ainsworth, Xanthe C",xantheainsworth@example.com,1000,0,5d4144e5c91c454f852b,Yes,2026-06-01T21:16:19.240,30,0.0
"Pembrooke, Fitzgerald W",fitzgeraldpembrooke@example.com,1000,0,2889f53ce5e74d16b28e,Yes,2026-06-04T18:13:48.234,32,0.0
"Quartermaine, Emmerich S",emmerichquartermaine@example.com,1000,0,ab4dbf8324b346f1bcc3,Yes,2026-06-29T16:30:22.473,31,0.0
"Crenshaw, Montgomery B",montgomerycrenshaw@example.com,5000,0,45c69e5ae2384c99b62b,Yes,2026-06-18T21:58:49.663,6,0.0
"Fairbanks, Corwin A",corwinfairbanks@example.com,1,0,85c602645eff4823b958,Yes,2026-06-11T07:41:19.752,24,0.0
"Satterthwaite, Thaddeus B",thaddeussatterthwaite@example.com,1000,0,2afef786c4a84ad38bb2,Yes,2026-06-23T01:10:01.359,1,0.0
"Locksley, Wilhelmina T",wilhelminalocksley@example.com,1000,0,aaa32c2a0a7248c299cc,Yes,2026-06-14T23:39:10.472,29,0.0
"Illingworth, Horatio D",horatioillingworth@example.com,1,0,d77cc2215f644070b70e,Yes,2026-06-11T12:36:12.439,22,0.0
"Duckworth, Barnaby T",barnabyduckworth@example.com,1000,0,c688dfb0ec82419ca051,Yes,2026-06-27T06:06:50.175,1,0.0
"Ziegler, Rosalind L",rosalindziegler@example.com,8000,0,2e7fe774573f45e4b500,Yes,2026-05-31T15:21:38.779,23,0.0
"Rutherford, Genevieve R",genevieverutherford@example.com,1000,0,6586ad130d8e40edbfb1,Yes,2026-06-30T11:54:32.213,20,0.0
"Godfrey, Isolde L",isoldegodfrey@example.com,1000,0,ece1c97afd1c42d9b939,Yes,2026-06-24T14:05:30.938,28,0.0
"Abernathy, Reginald F",reginaldabernathy@example.com,1,0,045ce1214aea460eabc3,Yes,2026-06-21T09:21:43.851,5,0.0
"Quigley, Solveig M",solveigquigley@example.com,1000,0,3e8884a573cf4c7cb885,Yes,2026-06-22T03:48:11.432,10,0.0
"Abernathy, Persephone A",persephoneabernathy@example.com,5000,0,6d17de04ddc94c3cbc98,Yes,2026-06-10T23:03:59.450,19,0.0
"Satterthwaite, Delphine W",delphinesatterthwaite@example.com,5000,0,764275dddb98476da97a,Yes,2026-06-03T00:13:08.455,14,0.0
"Ziegler, Georgiana R",georgianaziegler@example.com,8000,0,011c974e9d3c4738ae2e,Yes,2026-06-06T23:53:17.041,11,0.0
"Ollivander, Cornelius N",corneliusollivander@example.com,5000,0,a0cc25f752f64fae8d56,Yes,2026-06-19T13:12:14.830,30,0.0
"Ellsworth, Rosalind K",rosalindellsworth@example.com,1,0,6143dc1db5bc4dcd9fb7,Yes,2026-06-16T23:01:03.756,18,0.0
"Uxbridge, Bartholomew S",bartholomewuxbridge@example.com,8000,0,537cd6ff613a4b8b9799,Yes,2026-06-11T15:22:43.874,7,0.0
"Ravenscroft, Cassian A",cassianravenscroft@example.com,8000,0,193523ecf3824e4ba5d8,No,2026-06-09T19:02:35.665,31,0.0
"Nethercott, Beatrix L",beatrixnethercott@example.com,1000,0,f4be9ad46870435781f8,Yes,2026-06-14T07:57:19.805,7,0.0
"Villanueva, Millicent D",millicentvillanueva@example.com,8000,0,66d9d0887302434098be,Yes,2026-06-14T05:54:59.283,26,0.0
"Marchetti, Bexley F",bexleymarchetti@example.com,1000,0,7e920bc5f8394ee998ef,Yes,2026-07-01T06:50:30.262,19,0.0
"Mowbray, Octavian B",octavianmowbray@example.com,1,0,fc471d77819a4a8b8811,Yes,2026-06-26T00:36:02.687,4,0.0
"Nightingale, Clementine R",clementinenightingale@example.com,1,0,8868682ea52c46339ab2,Yes,2026-06-08T06:34:36.520,12,0.0
"Vandersloot, Anthea P",antheavandersloot@example.com,8000,0,c6ef084939f64fcba006,Yes,2026-06-30T09:31:56.635,24,0.0
