userPrincipalName,displayName,department,jobTitle,jobFamily,city,country,costCenter,manager,businessUnit,companyName
casimirdunmore@example.com,"Dunmore, Casimir H",Sales (Employer Group),Account Executive,Sales & Accounts,"Minnetonka, MN",US,CC-SLES-1836,sales.mgr01@example.com,Corporate Functions,Contoso Ltd
antigonebraithwaite@example.com,"Braithwaite, Antigone M",Data & Analytics,Data Analyst,Data & Analytics,Hyderabad,IN,CC-DATA-2363,data.mgr02@example.com,Technology,Contoso Ltd
yorickrutherford@example.com,"Rutherford, Yorick A",Actuarial & Underwriting,Underwriter,Finance & Actuarial,"Hartford, CT",US,CC-ACTR-9631,actuarial.mgr03@example.com,Insurance Operations,Contoso Ltd
viviennesatterthwaite@example.com,"Satterthwaite, Vivienne K",Claims Processing,Claims Examiner,Claims & Operations,"Atlanta, GA",US,CC-CLMS-8440,claims.mgr02@example.com,Insurance Operations,Contoso Ltd
hespernightingale@example.com,"Nightingale, Hesper H",Claims Processing,Claims Auditor,Claims & Operations,"Minnetonka, MN",US,CC-CLMS-8440,claims.mgr03@example.com,Insurance Operations,Contoso Ltd
odalysblackwood@example.com,"Blackwood, Odalys H",IT Service Desk,Tier 1 Tech,Engineering & IT,Hyderabad,IN,CC-ITSD-8744,it.mgr02@example.com,Technology,Contoso Ltd
ignatiusattenborough2@example.com,"Attenborough, Ignatius K",Claims Processing,Recovery Specialist,Claims & Operations,"Hartford, CT",US,CC-CLMS-8440,claims.mgr01@example.com,Insurance Operations,Contoso Ltd
ferdinandthornbury@example.com,"Thornbury, Ferdinand L",Claims Processing,Claims Examiner,Claims & Operations,"Atlanta, GA",US,CC-CLMS-8440,claims.mgr01@example.com,Insurance Operations,Contoso Ltd
rosalindpennington@example.com,"Pennington, Rosalind C",Data & Analytics,BI Engineer,Data & Analytics,"Minnetonka, MN",US,CC-DATA-9141,data.mgr01@example.com,Technology,Contoso Ltd
bexleyziegler@example.com,"Ziegler, Bexley S",Data & Analytics,Data Analyst,Data & Analytics,"Atlanta, GA",US,CC-DATA-9141,data.mgr02@example.com,Technology,Contoso Ltd
bramwelltremaine@example.com,"Tremaine, Bramwell E",Data & Analytics,Data Scientist,Data & Analytics,Hyderabad,IN,CC-DATA-2363,data.mgr03@example.com,Technology,Contoso Ltd
bexleyabernathy@example.com,"Abernathy, Bexley E",Clinical Operations,Clinical Analyst,Clinical & Care,"Minnetonka, MN",US,CC-CLIN-6351,clinical.mgr01@example.com,Health Services,Contoso Ltd
genevievetrelawney@example.com,"Trelawney, Genevieve F",Clinical Operations,Clinical Analyst,Clinical & Care,Dublin,IE,CC-CLIN-6316,clinical.mgr01@example.com,Health Services,Contoso Ltd
octavianwexford@example.com,"Wexford, Octavian R",Network Management,Provider Relations,Member & Customer Support,"Phoenix, AZ",US,CC-NTWK-9430,network.mgr02@example.com,Health Services,Contoso Ltd
montgomeryvillanueva@example.com,"Villanueva, Montgomery R",Pharmacy Benefits,Formulary Specialist,Clinical & Care,"Atlanta, GA",US,CC-RXBM-7797,pharmacy.mgr03@example.com,Health Services,Contoso Ltd
fennimoreeverhart@example.com,"Everhart, Fennimore B",IT Service Desk,Tier 1 Tech,Engineering & IT,"Minnetonka, MN",US,CC-ITSD-5368,it.mgr02@example.com,Technology,Contoso Ltd
bartholomewollivander@example.com,"Ollivander, Bartholomew F",Network Management,Provider Relations,Member & Customer Support,"Hartford, CT",US,CC-NTWK-9430,network.mgr02@example.com,Health Services,Contoso Ltd
antigonequartermaine2@example.com,"Quartermaine, Antigone W",Claims Processing,Claims Auditor,Claims & Operations,"Minnetonka, MN",US,CC-CLMS-8440,claims.mgr01@example.com,Insurance Operations,Contoso Ltd
antheaellsworth@example.com,"Ellsworth, Anthea H",Data & Analytics,Data Scientist,Data & Analytics,Dublin,IE,CC-DATA-8847,data.mgr01@example.com,Technology,Contoso Ltd
marisolemowbray@example.com,"Mowbray, Marisole D",IT Service Desk,Desktop Admin,Engineering & IT,"Nashville, TN",US,CC-ITSD-5368,it.mgr02@example.com,Technology,Contoso Ltd
yorickwollstonecraft2@example.com,"Wollstonecraft, Yorick R",Clinical Operations,RN Care Manager,Clinical & Care,"Phoenix, AZ",US,CC-CLIN-6351,clinical.mgr02@example.com,Health Services,Contoso Ltd
clementinemerriweather@example.com,"Merriweather, Clementine K",Pharmacy Benefits,Formulary Specialist,Clinical & Care,"Hartford, CT",US,CC-RXBM-7797,pharmacy.mgr03@example.com,Health Services,Contoso Ltd
percivalattenborough@example.com,"Attenborough, Percival S",Member Services,Escalations Lead,Member & Customer Support,"Hartford, CT",US,CC-MBRS-1678,member.mgr01@example.com,Health Services,Contoso Ltd
ulyssajorgensen@example.com,"Jorgensen, Ulyssa E",Engineering,Software Engineer,Engineering & IT,Dublin,IE,CC-ENGR-9674,engineering.mgr03@example.com,Technology,Contoso Ltd
zephyrineollivander@example.com,"Ollivander, Zephyrine B",Product Management,Group PM,Product & Program,"Nashville, TN",US,CC-PROD-5415,product.mgr03@example.com,Technology,Contoso Ltd
persephonebeaumont@example.com,"Beaumont, Persephone S",Pharmacy Benefits,PBM Analyst,Clinical & Care,"Phoenix, AZ",US,CC-RXBM-7797,pharmacy.mgr01@example.com,Health Services,Contoso Ltd
calanthetrelawney@example.com,"Trelawney, Calanthe L",Network Management,Contract Negotiator,Sales & Accounts,"Hartford, CT",US,CC-NTWK-9430,network.mgr03@example.com,Health Services,Contoso Ltd
emmerichfairbanks@example.com,"Fairbanks, Emmerich T",Engineering,SRE,Engineering & IT,Bengaluru,IN,CC-ENGR-3318,engineering.mgr01@example.com,Technology,Contoso Ltd
horatiohawthorne@example.com,"Hawthorne, Horatio D",IT Service Desk,Desktop Admin,Engineering & IT,Bengaluru,IN,CC-ITSD-8744,it.mgr03@example.com,Technology,Contoso Ltd
seraphinasinclair@example.com,"Sinclair, Seraphina S",Clinical Operations,Care Coordinator,Clinical & Care,"Minnetonka, MN",US,CC-CLIN-6351,clinical.mgr01@example.com,Health Services,Contoso Ltd
casimirwollstonecraft@example.com,"Wollstonecraft, Casimir B",Human Resources,Comp Analyst,Corporate (HR/Legal/Mktg),"Hartford, CT",US,CC-HRXX-9770,human.mgr02@example.com,Corporate Functions,Contoso Ltd
ferdinandjessamine@example.com,"Jessamine, Ferdinand G",Legal & Compliance,Compliance Analyst,Corporate (HR/Legal/Mktg),"Minnetonka, MN",US,CC-LEGL-2668,legal.mgr02@example.com,Corporate Functions,Contoso Ltd
octavianprendergast@example.com,"Prendergast, Octavian S",Network Management,Provider Relations,Member & Customer Support,"Phoenix, AZ",US,CC-NTWK-9430,network.mgr03@example.com,Health Services,Contoso Ltd
peregrineyelverton@example.com,"Yelverton, Peregrine A",Clinical Operations,Care Coordinator,Clinical & Care,"Minnetonka, MN",US,CC-CLIN-6351,clinical.mgr02@example.com,Health Services,Contoso Ltd
evangelineeverhart@example.com,"Everhart, Evangeline P",Engineering,SRE,Engineering & IT,"Atlanta, GA",US,CC-ENGR-9639,engineering.mgr02@example.com,Technology,Contoso Ltd
bartholomewvoskuijlen@example.com,"Voskuijlen, Bartholomew E",Sales (Employer Group),Sales Engineer,Sales & Accounts,"Minnetonka, MN",US,CC-SLES-1836,sales.mgr03@example.com,Corporate Functions,Contoso Ltd
beatrixmowbray@example.com,"Mowbray, Beatrix W",Legal & Compliance,Privacy Officer,Corporate (HR/Legal/Mktg),"Nashville, TN",US,CC-LEGL-2668,legal.mgr02@example.com,Corporate Functions,Contoso Ltd
odalysharrington2@example.com,"Harrington, Odalys P",Engineering,Eng Manager,Management & Leadership,Hyderabad,IN,CC-ENGR-3318,engineering.mgr02@example.com,Technology,Contoso Ltd
ambroseockendon@example.com,"Ockendon, Ambrose S",Actuarial & Underwriting,Underwriter,Finance & Actuarial,"Hartford, CT",US,CC-ACTR-9631,actuarial.mgr03@example.com,Insurance Operations,Contoso Ltd
georgianalocksley@example.com,"Locksley, Georgiana K",Finance,FP&A Manager,Finance & Actuarial,"Atlanta, GA",US,CC-FINX-3369,finance.mgr03@example.com,Corporate Functions,Contoso Ltd
fitzgeraldgodfrey@example.com,"Godfrey, Fitzgerald T",Data & Analytics,BI Engineer,Data & Analytics,"Hartford, CT",US,CC-DATA-9141,data.mgr01@example.com,Technology,Contoso Ltd
fitzgeraldcadwallader@example.com,"Cadwallader, Fitzgerald F",Data & Analytics,ML Engineer,Data & Analytics,"Minnetonka, MN",US,CC-DATA-9141,data.mgr03@example.com,Technology,Contoso Ltd
ignatiuscholmondeley@example.com,"Cholmondeley, Ignatius J",Claims Processing,Claims Auditor,Claims & Operations,Manila,PH,CC-CLMS-9685,claims.mgr01@example.com,Insurance Operations,Contoso Ltd
solveiggrimsby@example.com,"Grimsby, Solveig L",Engineering,Platform Engineer,Engineering & IT,Dublin,IE,CC-ENGR-9674,engineering.mgr02@example.com,Technology,Contoso Ltd
leopoldlocksley@example.com,"Locksley, Leopold P",Claims Processing,Claims Examiner,Claims & Operations,Manila,PH,CC-CLMS-9685,claims.mgr01@example.com,Insurance Operations,Contoso Ltd
octavianellsworth@example.com,"Ellsworth, Octavian E",Member Services,Quality Analyst,Member & Customer Support,"Atlanta, GA",US,CC-MBRS-1678,member.mgr01@example.com,Health Services,Contoso Ltd
ignatiusnorthcote@example.com,"Northcote, Ignatius C",Claims Processing,Claims Auditor,Claims & Operations,"Atlanta, GA",US,CC-CLMS-8440,claims.mgr03@example.com,Insurance Operations,Contoso Ltd
reginaldvandersloot@example.com,"Vandersloot, Reginald E",Member Services,CSR,Member & Customer Support,Manila,PH,CC-MBRS-8205,member.mgr03@example.com,Health Services,Contoso Ltd
everardnethercott@example.com,"Nethercott, Everard C",Member Services,CSR,Member & Customer Support,"Hartford, CT",US,CC-MBRS-1678,member.mgr01@example.com,Health Services,Contoso Ltd
viviennerutherford@example.com,"Rutherford, Vivienne E",Clinical Operations,Clinical Analyst,Clinical & Care,"Minnetonka, MN",US,CC-CLIN-6351,clinical.mgr02@example.com,Health Services,Contoso Ltd
peregrineainsworth@example.com,"Ainsworth, Peregrine H",Clinical Operations,Clinical Analyst,Clinical & Care,Dublin,IE,CC-CLIN-6316,clinical.mgr03@example.com,Health Services,Contoso Ltd
bexleykettering@example.com,"Kettering, Bexley F",Claims Processing,Claims Auditor,Claims & Operations,Bengaluru,IN,CC-CLMS-5672,claims.mgr02@example.com,Insurance Operations,Contoso Ltd
alaricbraithwaite@example.com,"Braithwaite, Alaric G",Marketing,Marketing Manager,Corporate (HR/Legal/Mktg),"Minnetonka, MN",US,CC-MKTG-7836,marketing.mgr01@example.com,Corporate Functions,Contoso Ltd
antheakensington@example.com,"Kensington, Anthea B",Clinical Operations,Clinical Analyst,Clinical & Care,"Phoenix, AZ",US,CC-CLIN-6351,clinical.mgr02@example.com,Health Services,Contoso Ltd
everardnethercott2@example.com,"Nethercott, Everard S",Engineering,Platform Engineer,Engineering & IT,Dublin,IE,CC-ENGR-9674,engineering.mgr03@example.com,Technology,Contoso Ltd
calanthesatterthwaite@example.com,"Satterthwaite, Calanthe W",Clinical Operations,RN Care Manager,Clinical & Care,"Nashville, TN",US,CC-CLIN-6351,clinical.mgr01@example.com,Health Services,Contoso Ltd
seraphinavoskuijlen@example.com,"Voskuijlen, Seraphina F",Member Services,CSR,Member & Customer Support,"Nashville, TN",US,CC-MBRS-1678,member.mgr02@example.com,Health Services,Contoso Ltd
zephyrineblackwood@example.com,"Blackwood, Zephyrine P",Engineering,Software Engineer,Engineering & IT,"Nashville, TN",US,CC-ENGR-9639,engineering.mgr01@example.com,Technology,Contoso Ltd
margueritekettering@example.com,"Kettering, Marguerite C",Data & Analytics,Data Scientist,Data & Analytics,"Hartford, CT",US,CC-DATA-9141,data.mgr02@example.com,Technology,Contoso Ltd
zinniazabrowski@example.com,"Zabrowski, Zinnia A",Claims Processing,Recovery Specialist,Claims & Operations,"Hartford, CT",US,CC-CLMS-8440,claims.mgr01@example.com,Insurance Operations,Contoso Ltd
bartholomewcholmondeley@example.com,"Cholmondeley, Bartholomew K",Member Services,Escalations Lead,Member & Customer Support,Manila,PH,CC-MBRS-8205,member.mgr01@example.com,Health Services,Contoso Ltd
raffertyfairbanks@example.com,"Fairbanks, Rafferty G",Claims Processing,Claims Examiner,Claims & Operations,"Nashville, TN",US,CC-CLMS-8440,claims.mgr03@example.com,Insurance Operations,Contoso Ltd
delphineillingworth@example.com,"Illingworth, Delphine E",IT Service Desk,Tier 2 Tech,Engineering & IT,"Hartford, CT",US,CC-ITSD-5368,it.mgr01@example.com,Technology,Contoso Ltd
barnabyhawthorne@example.com,"Hawthorne, Barnaby D",Member Services,CSR,Member & Customer Support,Hyderabad,IN,CC-MBRS-3434,member.mgr01@example.com,Health Services,Contoso Ltd
thaddeusduckworth@example.com,"Duckworth, Thaddeus L",Member Services,Quality Analyst,Member & Customer Support,"Atlanta, GA",US,CC-MBRS-1678,member.mgr03@example.com,Health Services,Contoso Ltd
cosimavoskuijlen@example.com,"Voskuijlen, Cosima H",Member Services,CSR,Member & Customer Support,"Atlanta, GA",US,CC-MBRS-1678,member.mgr01@example.com,Health Services,Contoso Ltd
lysanderdunmore@example.com,"Dunmore, Lysander C",Government Programs,Medicaid Liaison,Claims & Operations,"Atlanta, GA",US,CC-GOVT-6906,government.mgr03@example.com,Insurance Operations,Contoso Ltd
corneliusivorson@example.com,"Ivorson, Cornelius D",Finance,FP&A Manager,Finance & Actuarial,"Nashville, TN",US,CC-FINX-3369,finance.mgr03@example.com,Corporate Functions,Contoso Ltd
ulyssavillanueva@example.com,"Villanueva, Ulyssa T",IT Service Desk,Desktop Admin,Engineering & IT,"Hartford, CT",US,CC-ITSD-5368,it.mgr01@example.com,Technology,Contoso Ltd
millicentmerriweather@example.com,"Merriweather, Millicent B",Actuarial & Underwriting,Underwriter,Finance & Actuarial,"Nashville, TN",US,CC-ACTR-9631,actuarial.mgr01@example.com,Insurance Operations,Contoso Ltd
percykirkpatrick@example.com,"Kirkpatrick, Percy M",Claims Processing,Claims Auditor,Claims & Operations,"Minnetonka, MN",US,CC-CLMS-8440,claims.mgr01@example.com,Insurance Operations,Contoso Ltd
dashiellyelverton@example.com,"Yelverton, Dashiell H",Network Management,Contract Negotiator,Sales & Accounts,"Hartford, CT",US,CC-NTWK-9430,network.mgr03@example.com,Health Services,Contoso Ltd
xanthewexford@example.com,"Wexford, Xanthe D",Member Services,Escalations Lead,Member & Customer Support,Hyderabad,IN,CC-MBRS-3434,member.mgr02@example.com,Health Services,Contoso Ltd
arabellafairweather@example.com,"Fairweather, Arabella B",Finance,Accountant,Finance & Actuarial,"Phoenix, AZ",US,CC-FINX-3369,finance.mgr03@example.com,Corporate Functions,Contoso Ltd
ottolinequartermaine@example.com,"Quartermaine, Ottoline W",Data & Analytics,Data Analyst,Data & Analytics,Bengaluru,IN,CC-DATA-2363,data.mgr03@example.com,Technology,Contoso Ltd
wilhelminathornbury@example.com,"Thornbury, Wilhelmina L",Product Management,Sr PM,Product & Program,"Phoenix, AZ",US,CC-PROD-5415,product.mgr03@example.com,Technology,Contoso Ltd
ottiliewetherby@example.com,"Wetherby, Ottilie F",IT Service Desk,Desktop Admin,Engineering & IT,Manila,PH,CC-ITSD-8003,it.mgr01@example.com,Technology,Contoso Ltd
bartholomewyardley@example.com,"Yardley, Bartholomew G",Data & Analytics,Data Scientist,Data & Analytics,Hyderabad,IN,CC-DATA-2363,data.mgr03@example.com,Technology,Contoso Ltd
cordelialocksley@example.com,"Locksley, Cordelia G",Member Services,Escalations Lead,Member & Customer Support,"Phoenix, AZ",US,CC-MBRS-1678,member.mgr03@example.com,Health Services,Contoso Ltd
wilhelminafotheringham@example.com,"Fotheringham, Wilhelmina N",Member Services,Quality Analyst,Member & Customer Support,"Minnetonka, MN",US,CC-MBRS-1678,member.mgr01@example.com,Health Services,Contoso Ltd
calanthebletchley@example.com,"Bletchley, Calanthe B",Engineering,Software Engineer,Engineering & IT,Hyderabad,IN,CC-ENGR-3318,engineering.mgr01@example.com,Technology,Contoso Ltd
silvanusashworth@example.com,"Ashworth, Silvanus M",Clinical Operations,RN Care Manager,Clinical & Care,"Nashville, TN",US,CC-CLIN-6351,clinical.mgr02@example.com,Health Services,Contoso Ltd
georgianaedgecombe@example.com,"Edgecombe, Georgiana D",Government Programs,Medicare Analyst,Claims & Operations,"Phoenix, AZ",US,CC-GOVT-6906,government.mgr01@example.com,Insurance Operations,Contoso Ltd
persephonejessamine@example.com,"Jessamine, Persephone L",Claims Processing,Recovery Specialist,Claims & Operations,Hyderabad,IN,CC-CLMS-5672,claims.mgr03@example.com,Insurance Operations,Contoso Ltd
antigoneainsworth@example.com,"Ainsworth, Antigone P",Member Services,CSR,Member & Customer Support,Manila,PH,CC-MBRS-8205,member.mgr03@example.com,Health Services,Contoso Ltd
genevieveabernathy@example.com,"Abernathy, Genevieve J",Clinical Operations,Clinical Analyst,Clinical & Care,"Phoenix, AZ",US,CC-CLIN-6351,clinical.mgr02@example.com,Health Services,Contoso Ltd
bartholomewmarchetti@example.com,"Marchetti, Bartholomew E",Claims Processing,Recovery Specialist,Claims & Operations,"Minnetonka, MN",US,CC-CLMS-8440,claims.mgr02@example.com,Insurance Operations,Contoso Ltd
bramwellquigley@example.com,"Quigley, Bramwell P",Pharmacy Benefits,Formulary Specialist,Clinical & Care,"Hartford, CT",US,CC-RXBM-7797,pharmacy.mgr01@example.com,Health Services,Contoso Ltd
silvanusuxbridge@example.com,"Uxbridge, Silvanus S",Product Management,PM,Product & Program,"Nashville, TN",US,CC-PROD-5415,product.mgr03@example.com,Technology,Contoso Ltd
arabellakirkpatrick@example.com,"Kirkpatrick, Arabella E",Member Services,Quality Analyst,Member & Customer Support,"Hartford, CT",US,CC-MBRS-1678,member.mgr02@example.com,Health Services,Contoso Ltd
torstenattenborough@example.com,"Attenborough, Torsten C",Engineering,Eng Manager,Management & Leadership,"Phoenix, AZ",US,CC-ENGR-9639,engineering.mgr03@example.com,Technology,Contoso Ltd
georgianaquigley@example.com,"Quigley, Georgiana T",Engineering,Eng Manager,Management & Leadership,Dublin,IE,CC-ENGR-9674,engineering.mgr02@example.com,Technology,Contoso Ltd
veritymarchetti2@example.com,"Marchetti, Verity G",Engineering,SRE,Engineering & IT,"Atlanta, GA",US,CC-ENGR-9639,engineering.mgr02@example.com,Technology,Contoso Ltd
henriettapennington@example.com,"Pennington, Henrietta M",Clinical Operations,RN Care Manager,Clinical & Care,"Nashville, TN",US,CC-CLIN-6351,clinical.mgr03@example.com,Health Services,Contoso Ltd
genevievecrenshaw@example.com,"Crenshaw, Genevieve N",Pharmacy Benefits,Pharmacy Tech,Clinical & Care,"Atlanta, GA",US,CC-RXBM-7797,pharmacy.mgr02@example.com,Health Services,Contoso Ltd
percivalmarchetti@example.com,"Marchetti, Percival J",Member Services,Quality Analyst,Member & Customer Support,"Atlanta, GA",US,CC-MBRS-1678,member.mgr01@example.com,Health Services,Contoso Ltd
evangelinefotheringham2@example.com,"Fotheringham, Evangeline S",Engineering,Eng Manager,Management & Leadership,"Hartford, CT",US,CC-ENGR-9639,engineering.mgr01@example.com,Technology,Contoso Ltd
corwinquigley@example.com,"Quigley, Corwin F",Member Services,Escalations Lead,Member & Customer Support,"Atlanta, GA",US,CC-MBRS-1678,member.mgr01@example.com,Health Services,Contoso Ltd
nikolaiillingworth@example.com,"Illingworth, Nikolai S",Clinical Operations,Care Coordinator,Clinical & Care,"Phoenix, AZ",US,CC-CLIN-6351,clinical.mgr01@example.com,Health Services,Contoso Ltd
antigonekirkpatrick@example.com,"Kirkpatrick, Antigone B",Member Services,Escalations Lead,Member & Customer Support,"Minnetonka, MN",US,CC-MBRS-1678,member.mgr03@example.com,Health Services,Contoso Ltd
cosimakirkpatrick@example.com,"Kirkpatrick, Cosima B",Clinical Operations,Clinical Analyst,Clinical & Care,"Minnetonka, MN",US,CC-CLIN-6351,clinical.mgr01@example.com,Health Services,Contoso Ltd
corwindarlington@example.com,"Darlington, Corwin B",Claims Processing,Recovery Specialist,Claims & Operations,Manila,PH,CC-CLMS-9685,claims.mgr03@example.com,Insurance Operations,Contoso Ltd
zinniaziegler@example.com,"Ziegler, Zinnia A",IT Service Desk,Tier 2 Tech,Engineering & IT,"Phoenix, AZ",US,CC-ITSD-5368,it.mgr02@example.com,Technology,Contoso Ltd
antigonekensington@example.com,"Kensington, Antigone T",Clinical Operations,Care Coordinator,Clinical & Care,"Hartford, CT",US,CC-CLIN-6351,clinical.mgr03@example.com,Health Services,Contoso Ltd
ottiliegalbraith@example.com,"Galbraith, Ottilie G",IT Service Desk,Tier 1 Tech,Engineering & IT,Manila,PH,CC-ITSD-8003,it.mgr01@example.com,Technology,Contoso Ltd
fitzgeraldockendon@example.com,"Ockendon, Fitzgerald C",Finance,Financial Analyst,Finance & Actuarial,"Minnetonka, MN",US,CC-FINX-3369,finance.mgr01@example.com,Corporate Functions,Contoso Ltd
odalysziegler@example.com,"Ziegler, Odalys H",Clinical Operations,Clinical Analyst,Clinical & Care,"Phoenix, AZ",US,CC-CLIN-6351,clinical.mgr03@example.com,Health Services,Contoso Ltd
nikolaipennington@example.com,"Pennington, Nikolai G",Marketing,Content Strategist,Corporate (HR/Legal/Mktg),"Hartford, CT",US,CC-MKTG-7836,marketing.mgr02@example.com,Corporate Functions,Contoso Ltd
ottilievoskuijlen@example.com,"Voskuijlen, Ottilie E",Claims Processing,Claims Auditor,Claims & Operations,"Nashville, TN",US,CC-CLMS-8440,claims.mgr01@example.com,Insurance Operations,Contoso Ltd
persephonethornbury2@example.com,"Thornbury, Persephone P",Legal & Compliance,Compliance Analyst,Corporate (HR/Legal/Mktg),"Nashville, TN",US,CC-LEGL-2668,legal.mgr02@example.com,Corporate Functions,Contoso Ltd
leopoldsatterthwaite@example.com,"Satterthwaite, Leopold C",Member Services,CSR,Member & Customer Support,"Atlanta, GA",US,CC-MBRS-1678,member.mgr03@example.com,Health Services,Contoso Ltd
percivalharrington@example.com,"Harrington, Percival M",Marketing,Marketing Manager,Corporate (HR/Legal/Mktg),"Phoenix, AZ",US,CC-MKTG-7836,marketing.mgr01@example.com,Corporate Functions,Contoso Ltd
ottiliecadwallader@example.com,"Cadwallader, Ottilie F",Marketing,Content Strategist,Corporate (HR/Legal/Mktg),"Phoenix, AZ",US,CC-MKTG-7836,marketing.mgr03@example.com,Corporate Functions,Contoso Ltd
margueritejorgensen@example.com,"Jorgensen, Marguerite G",Claims Processing,Recovery Specialist,Claims & Operations,"Phoenix, AZ",US,CC-CLMS-8440,claims.mgr01@example.com,Insurance Operations,Contoso Ltd
lachlangalbraith@example.com,"Galbraith, Lachlan P",Member Services,Escalations Lead,Member & Customer Support,Manila,PH,CC-MBRS-8205,member.mgr02@example.com,Health Services,Contoso Ltd
beatrixhawthorne@example.com,"Hawthorne, Beatrix G",Engineering,Eng Manager,Management & Leadership,Dublin,IE,CC-ENGR-9674,engineering.mgr01@example.com,Technology,Contoso Ltd
antigoneduckworth@example.com,"Duckworth, Antigone A",Clinical Operations,RN Care Manager,Clinical & Care,"Atlanta, GA",US,CC-CLIN-6351,clinical.mgr03@example.com,Health Services,Contoso Ltd
percivalthornbury@example.com,"Thornbury, Percival H",Finance,Financial Analyst,Finance & Actuarial,"Minnetonka, MN",US,CC-FINX-3369,finance.mgr03@example.com,Corporate Functions,Contoso Ltd
silvanuswetherby@example.com,"Wetherby, Silvanus L",Legal & Compliance,Privacy Officer,Corporate (HR/Legal/Mktg),"Nashville, TN",US,CC-LEGL-2668,legal.mgr01@example.com,Corporate Functions,Contoso Ltd
arabellapennington@example.com,"Pennington, Arabella D",Clinical Operations,Care Coordinator,Clinical & Care,Dublin,IE,CC-CLIN-6316,clinical.mgr03@example.com,Health Services,Contoso Ltd
barnabyunderhill@example.com,"Underhill, Barnaby C",IT Service Desk,Desktop Admin,Engineering & IT,"Nashville, TN",US,CC-ITSD-5368,it.mgr01@example.com,Technology,Contoso Ltd
beatrixoxenford@example.com,"Oxenford, Beatrix E",Pharmacy Benefits,PBM Analyst,Clinical & Care,"Atlanta, GA",US,CC-RXBM-7797,pharmacy.mgr01@example.com,Health Services,Contoso Ltd
wilhelmthornbury@example.com,"Thornbury, Wilhelm P",Engineering,Eng Manager,Management & Leadership,"Nashville, TN",US,CC-ENGR-9639,engineering.mgr03@example.com,Technology,Contoso Ltd
theodoradunmore@example.com,"Dunmore, Theodora D",Member Services,Escalations Lead,Member & Customer Support,"Minnetonka, MN",US,CC-MBRS-1678,member.mgr03@example.com,Health Services,Contoso Ltd
lachlanainsworth@example.com,"Ainsworth, Lachlan E",Claims Processing,Claims Auditor,Claims & Operations,"Phoenix, AZ",US,CC-CLMS-8440,claims.mgr01@example.com,Insurance Operations,Contoso Ltd
ulyssavandersloot@example.com,"Vandersloot, Ulyssa H",Engineering,Platform Engineer,Engineering & IT,Hyderabad,IN,CC-ENGR-3318,engineering.mgr01@example.com,Technology,Contoso Ltd
cassianpembrooke@example.com,"Pembrooke, Cassian T",Human Resources,Comp Analyst,Corporate (HR/Legal/Mktg),"Nashville, TN",US,CC-HRXX-9770,human.mgr03@example.com,Corporate Functions,Contoso Ltd
casimirellsworth@example.com,"Ellsworth, Casimir L",Product Management,PM,Product & Program,"Phoenix, AZ",US,CC-PROD-5415,product.mgr01@example.com,Technology,Contoso Ltd
endellionivorson@example.com,"Ivorson, Endellion L",Pharmacy Benefits,Pharmacy Tech,Clinical & Care,"Phoenix, AZ",US,CC-RXBM-7797,pharmacy.mgr03@example.com,Health Services,Contoso Ltd
percygodfrey@example.com,"Godfrey, Percy R",Engineering,SRE,Engineering & IT,Bengaluru,IN,CC-ENGR-3318,engineering.mgr02@example.com,Technology,Contoso Ltd
zinniakettering2@example.com,"Kettering, Zinnia S",Finance,Accountant,Finance & Actuarial,"Nashville, TN",US,CC-FINX-3369,finance.mgr01@example.com,Corporate Functions,Contoso Ltd
wendelinebraithwaite@example.com,"Braithwaite, Wendeline K",Government Programs,Medicare Analyst,Claims & Operations,"Atlanta, GA",US,CC-GOVT-6906,government.mgr02@example.com,Insurance Operations,Contoso Ltd
alaricgalbraith@example.com,"Galbraith, Alaric R",Clinical Operations,RN Care Manager,Clinical & Care,"Atlanta, GA",US,CC-CLIN-6351,clinical.mgr03@example.com,Health Services,Contoso Ltd
cosimazabrowski2@example.com,"Zabrowski, Cosima J",IT Service Desk,Tier 1 Tech,Engineering & IT,"Nashville, TN",US,CC-ITSD-5368,it.mgr03@example.com,Technology,Contoso Ltd
beatrixockendon@example.com,"Ockendon, Beatrix F",Engineering,Platform Engineer,Engineering & IT,Dublin,IE,CC-ENGR-9674,engineering.mgr01@example.com,Technology,Contoso Ltd
xantheashworth@example.com,"Ashworth, Xanthe M",IT Service Desk,Tier 2 Tech,Engineering & IT,"Hartford, CT",US,CC-ITSD-5368,it.mgr01@example.com,Technology,Contoso Ltd
corneliuskirkpatrick@example.com,"Kirkpatrick, Cornelius H",Government Programs,Policy Analyst,Claims & Operations,"Nashville, TN",US,CC-GOVT-6906,government.mgr03@example.com,Insurance Operations,Contoso Ltd
ignatiuspennington@example.com,"Pennington, Ignatius C",Data & Analytics,BI Engineer,Data & Analytics,"Atlanta, GA",US,CC-DATA-9141,data.mgr01@example.com,Technology,Contoso Ltd
beatrixwetherby@example.com,"Wetherby, Beatrix H",Human Resources,Recruiter,Corporate (HR/Legal/Mktg),"Phoenix, AZ",US,CC-HRXX-9770,human.mgr02@example.com,Corporate Functions,Contoso Ltd
cordeliaedgecombe@example.com,"Edgecombe, Cordelia L",Clinical Operations,Clinical Analyst,Clinical & Care,"Hartford, CT",US,CC-CLIN-6351,clinical.mgr03@example.com,Health Services,Contoso Ltd
georgianabletchley@example.com,"Bletchley, Georgiana P",Clinical Operations,RN Care Manager,Clinical & Care,"Hartford, CT",US,CC-CLIN-6351,clinical.mgr02@example.com,Health Services,Contoso Ltd
yorickfotheringham2@example.com,"Fotheringham, Yorick N",Member Services,Quality Analyst,Member & Customer Support,Hyderabad,IN,CC-MBRS-3434,member.mgr01@example.com,Health Services,Contoso Ltd
raffertynorthcote@example.com,"Northcote, Rafferty P",Data & Analytics,Data Scientist,Data & Analytics,Bengaluru,IN,CC-DATA-2363,data.mgr01@example.com,Technology,Contoso Ltd
ottolinemerriweather@example.com,"Merriweather, Ottoline J",Engineering,Eng Manager,Management & Leadership,Dublin,IE,CC-ENGR-9674,engineering.mgr02@example.com,Technology,Contoso Ltd
thibaultduckworth@example.com,"Duckworth, Thibault C",Pharmacy Benefits,PBM Analyst,Clinical & Care,Dublin,IE,CC-RXBM-7762,pharmacy.mgr02@example.com,Health Services,Contoso Ltd
veritywexford@example.com,"Wexford, Verity A",Engineering,Software Engineer,Engineering & IT,"Minnetonka, MN",US,CC-ENGR-9639,engineering.mgr02@example.com,Technology,Contoso Ltd
veritymarchetti@example.com,"Marchetti, Verity F",Member Services,Escalations Lead,Member & Customer Support,Manila,PH,CC-MBRS-8205,member.mgr01@example.com,Health Services,Contoso Ltd
bartholomewjankowski@example.com,"Jankowski, Bartholomew B",Data & Analytics,Data Analyst,Data & Analytics,Hyderabad,IN,CC-DATA-2363,data.mgr01@example.com,Technology,Contoso Ltd
torstenabernathy@example.com,"Abernathy, Torsten H",Claims Processing,Recovery Specialist,Claims & Operations,"Phoenix, AZ",US,CC-CLMS-8440,claims.mgr01@example.com,Insurance Operations,Contoso Ltd
everardwollstonecraft@example.com,"Wollstonecraft, Everard D",Pharmacy Benefits,Formulary Specialist,Clinical & Care,"Minnetonka, MN",US,CC-RXBM-7797,pharmacy.mgr03@example.com,Health Services,Contoso Ltd
marlowerosewarne@example.com,"Rosewarne, Marlowe A",Network Management,Provider Relations,Member & Customer Support,"Nashville, TN",US,CC-NTWK-9430,network.mgr02@example.com,Health Services,Contoso Ltd
balthazarjessamine@example.com,"Jessamine, Balthazar L",Member Services,Quality Analyst,Member & Customer Support,"Atlanta, GA",US,CC-MBRS-1678,member.mgr01@example.com,Health Services,Contoso Ltd
isoldecrenshaw@example.com,"Crenshaw, Isolde R",Finance,Accountant,Finance & Actuarial,Hyderabad,IN,CC-FINX-9690,finance.mgr03@example.com,Corporate Functions,Contoso Ltd
millicentunderhill@example.com,"Underhill, Millicent A",Actuarial & Underwriting,Underwriter,Finance & Actuarial,"Phoenix, AZ",US,CC-ACTR-9631,actuarial.mgr03@example.com,Insurance Operations,Contoso Ltd
georgianahollingsworth@example.com,"Hollingsworth, Georgiana H",Clinical Operations,RN Care Manager,Clinical & Care,Dublin,IE,CC-CLIN-6316,clinical.mgr02@example.com,Health Services,Contoso Ltd
everardmerriweather@example.com,"Merriweather, Everard P",Member Services,Escalations Lead,Member & Customer Support,Manila,PH,CC-MBRS-8205,member.mgr03@example.com,Health Services,Contoso Ltd
dashiellquartermaine@example.com,"Quartermaine, Dashiell R",Engineering,SRE,Engineering & IT,Bengaluru,IN,CC-ENGR-3318,engineering.mgr02@example.com,Technology,Contoso Ltd
bramwellgrimsby@example.com,"Grimsby, Bramwell S",Claims Processing,Claims Auditor,Claims & Operations,"Hartford, CT",US,CC-CLMS-8440,claims.mgr01@example.com,Insurance Operations,Contoso Ltd
octavianstroganov2@example.com,"Stroganov, Octavian F",Engineering,Platform Engineer,Engineering & IT,"Hartford, CT",US,CC-ENGR-9639,engineering.mgr01@example.com,Technology,Contoso Ltd
thibaultinglethorpe@example.com,"Inglethorpe, Thibault S",Claims Processing,Claims Examiner,Claims & Operations,"Hartford, CT",US,CC-CLMS-8440,claims.mgr01@example.com,Insurance Operations,Contoso Ltd
ignatiusulverston@example.com,"Ulverston, Ignatius J",Clinical Operations,RN Care Manager,Clinical & Care,"Phoenix, AZ",US,CC-CLIN-6351,clinical.mgr03@example.com,Health Services,Contoso Ltd
silvanusinglethorpe@example.com,"Inglethorpe, Silvanus A",Network Management,Provider Relations,Member & Customer Support,"Atlanta, GA",US,CC-NTWK-9430,network.mgr03@example.com,Health Services,Contoso Ltd
raffertyedgecombe@example.com,"Edgecombe, Rafferty R",Network Management,Contract Negotiator,Sales & Accounts,"Hartford, CT",US,CC-NTWK-9430,network.mgr01@example.com,Health Services,Contoso Ltd
raffertyhawthorne@example.com,"Hawthorne, Rafferty K",Claims Processing,Claims Auditor,Claims & Operations,Manila,PH,CC-CLMS-9685,claims.mgr02@example.com,Insurance Operations,Contoso Ltd
rosamundvandersloot@example.com,"Vandersloot, Rosamund D",Clinical Operations,RN Care Manager,Clinical & Care,"Phoenix, AZ",US,CC-CLIN-6351,clinical.mgr01@example.com,Health Services,Contoso Ltd
wendelineockendon@example.com,"Ockendon, Wendeline P",Claims Processing,Claims Examiner,Claims & Operations,"Atlanta, GA",US,CC-CLMS-8440,claims.mgr02@example.com,Insurance Operations,Contoso Ltd
clementinejankowski@example.com,"Jankowski, Clementine P",Engineering,Software Engineer,Engineering & IT,Hyderabad,IN,CC-ENGR-3318,engineering.mgr01@example.com,Technology,Contoso Ltd
ferdinandwetherby@example.com,"Wetherby, Ferdinand W",Engineering,Software Engineer,Engineering & IT,"Hartford, CT",US,CC-ENGR-9639,engineering.mgr01@example.com,Technology,Contoso Ltd
antigoneashworth@example.com,"Ashworth, Antigone D",Clinical Operations,RN Care Manager,Clinical & Care,Dublin,IE,CC-CLIN-6316,clinical.mgr03@example.com,Health Services,Contoso Ltd
ambroseeverhart@example.com,"Everhart, Ambrose S",Sales (Employer Group),Account Executive,Sales & Accounts,"Atlanta, GA",US,CC-SLES-1836,sales.mgr02@example.com,Corporate Functions,Contoso Ltd
lachlanfotheringham@example.com,"Fotheringham, Lachlan W",Network Management,Contract Negotiator,Sales & Accounts,"Atlanta, GA",US,CC-NTWK-9430,network.mgr02@example.com,Health Services,Contoso Ltd
wendelinevoskuijlen@example.com,"Voskuijlen, Wendeline N",Finance,Financial Analyst,Finance & Actuarial,"Phoenix, AZ",US,CC-FINX-3369,finance.mgr01@example.com,Corporate Functions,Contoso Ltd
raffertydarlington2@example.com,"Darlington, Rafferty J",Clinical Operations,Care Coordinator,Clinical & Care,"Minnetonka, MN",US,CC-CLIN-6351,clinical.mgr01@example.com,Health Services,Contoso Ltd
luciusjorgensen@example.com,"Jorgensen, Lucius C",Human Resources,HRBP,Corporate (HR/Legal/Mktg),"Hartford, CT",US,CC-HRXX-9770,human.mgr02@example.com,Corporate Functions,Contoso Ltd
wendelineblackwood@example.com,"Blackwood, Wendeline R",Member Services,CSR,Member & Customer Support,Manila,PH,CC-MBRS-8205,member.mgr03@example.com,Health Services,Contoso Ltd
genevieveoxenford@example.com,"Oxenford, Genevieve N",Government Programs,Policy Analyst,Claims & Operations,"Nashville, TN",US,CC-GOVT-6906,government.mgr03@example.com,Insurance Operations,Contoso Ltd
henriettabraithwaite@example.com,"Braithwaite, Henrietta J",Claims Processing,Claims Examiner,Claims & Operations,"Atlanta, GA",US,CC-CLMS-8440,claims.mgr01@example.com,Insurance Operations,Contoso Ltd
solveigulverston@example.com,"Ulverston, Solveig G",Finance,FP&A Manager,Finance & Actuarial,"Hartford, CT",US,CC-FINX-3369,finance.mgr02@example.com,Corporate Functions,Contoso Ltd
zephyrinedarlington@example.com,"Darlington, Zephyrine T",Clinical Operations,Care Coordinator,Clinical & Care,"Phoenix, AZ",US,CC-CLIN-6351,clinical.mgr01@example.com,Health Services,Contoso Ltd
yorickfotheringham@example.com,"Fotheringham, Yorick H",Member Services,Escalations Lead,Member & Customer Support,"Phoenix, AZ",US,CC-MBRS-1678,member.mgr01@example.com,Health Services,Contoso Ltd
bartholomewkirkpatrick@example.com,"Kirkpatrick, Bartholomew F",Human Resources,Recruiter,Corporate (HR/Legal/Mktg),"Minnetonka, MN",US,CC-HRXX-9770,human.mgr02@example.com,Corporate Functions,Contoso Ltd
nikolaiyardley@example.com,"Yardley, Nikolai P",Legal & Compliance,Counsel,Corporate (HR/Legal/Mktg),"Nashville, TN",US,CC-LEGL-2668,legal.mgr03@example.com,Corporate Functions,Contoso Ltd
fitzgeraldkettering@example.com,"Kettering, Fitzgerald D",Actuarial & Underwriting,Actuary,Finance & Actuarial,"Atlanta, GA",US,CC-ACTR-9631,actuarial.mgr01@example.com,Insurance Operations,Contoso Ltd
cosimaziegler2@example.com,"Ziegler, Cosima B",Finance,FP&A Manager,Finance & Actuarial,"Phoenix, AZ",US,CC-FINX-3369,finance.mgr03@example.com,Corporate Functions,Contoso Ltd
xantheulverston@example.com,"Ulverston, Xanthe G",IT Service Desk,Tier 1 Tech,Engineering & IT,Manila,PH,CC-ITSD-8003,it.mgr03@example.com,Technology,Contoso Ltd
ottiliejankowski@example.com,"Jankowski, Ottilie J",Sales (Employer Group),Account Executive,Sales & Accounts,"Nashville, TN",US,CC-SLES-1836,sales.mgr02@example.com,Corporate Functions,Contoso Ltd
millicentwexford@example.com,"Wexford, Millicent C",IT Service Desk,Desktop Admin,Engineering & IT,"Minnetonka, MN",US,CC-ITSD-5368,it.mgr02@example.com,Technology,Contoso Ltd
wendelinenightingale2@example.com,"Nightingale, Wendeline M",Marketing,Marketing Manager,Corporate (HR/Legal/Mktg),"Hartford, CT",US,CC-MKTG-7836,marketing.mgr01@example.com,Corporate Functions,Contoso Ltd
xantheabernathy@example.com,"Abernathy, Xanthe G",Member Services,Quality Analyst,Member & Customer Support,"Minnetonka, MN",US,CC-MBRS-1678,member.mgr03@example.com,Health Services,Contoso Ltd
cosimaivorson@example.com,"Ivorson, Cosima J",Claims Processing,Claims Examiner,Claims & Operations,"Phoenix, AZ",US,CC-CLMS-8440,claims.mgr02@example.com,Insurance Operations,Contoso Ltd
philippabletchley@example.com,"Bletchley, Philippa L",Marketing,Brand Lead,Corporate (HR/Legal/Mktg),"Phoenix, AZ",US,CC-MKTG-7836,marketing.mgr02@example.com,Corporate Functions,Contoso Ltd
cosimaillingworth@example.com,"Illingworth, Cosima G",Member Services,Quality Analyst,Member & Customer Support,"Phoenix, AZ",US,CC-MBRS-1678,member.mgr02@example.com,Health Services,Contoso Ltd
delphineashworth@example.com,"Ashworth, Delphine P",Claims Processing,Claims Auditor,Claims & Operations,"Hartford, CT",US,CC-CLMS-8440,claims.mgr01@example.com,Insurance Operations,Contoso Ltd
quillanivorson@example.com,"Ivorson, Quillan P",Member Services,Escalations Lead,Member & Customer Support,Bengaluru,IN,CC-MBRS-3434,member.mgr01@example.com,Health Services,Contoso Ltd
percivalhollingsworth@example.com,"Hollingsworth, Percival G",Engineering,Eng Manager,Management & Leadership,"Minnetonka, MN",US,CC-ENGR-9639,engineering.mgr03@example.com,Technology,Contoso Ltd
leopoldbletchley@example.com,"Bletchley, Leopold B",Engineering,Software Engineer,Engineering & IT,"Nashville, TN",US,CC-ENGR-9639,engineering.mgr01@example.com,Technology,Contoso Ltd
wilhelmillingworth@example.com,"Illingworth, Wilhelm T",IT Service Desk,Desktop Admin,Engineering & IT,Manila,PH,CC-ITSD-8003,it.mgr01@example.com,Technology,Contoso Ltd
georgianaillingworth@example.com,"Illingworth, Georgiana E",Sales (Employer Group),Renewal Manager,Sales & Accounts,"Nashville, TN",US,CC-SLES-1836,sales.mgr03@example.com,Corporate Functions,Contoso Ltd
luciusrosewarne@example.com,"Rosewarne, Lucius B",Claims Processing,Claims Auditor,Claims & Operations,"Nashville, TN",US,CC-CLMS-8440,claims.mgr03@example.com,Insurance Operations,Contoso Ltd
montgomerytremaine@example.com,"Tremaine, Montgomery J",Engineering,SRE,Engineering & IT,"Hartford, CT",US,CC-ENGR-9639,engineering.mgr01@example.com,Technology,Contoso Ltd
horatiofairbanks@example.com,"Fairbanks, Horatio T",Engineering,Software Engineer,Engineering & IT,"Minnetonka, MN",US,CC-ENGR-9639,engineering.mgr01@example.com,Technology,Contoso Ltd
endellionwetherby@example.com,"Wetherby, Endellion B",Pharmacy Benefits,PBM Analyst,Clinical & Care,"Minnetonka, MN",US,CC-RXBM-7797,pharmacy.mgr03@example.com,Health Services,Contoso Ltd
wilhelmockendon@example.com,"Ockendon, Wilhelm M",Claims Processing,Claims Auditor,Claims & Operations,"Nashville, TN",US,CC-CLMS-8440,claims.mgr01@example.com,Insurance Operations,Contoso Ltd
ulyssabraithwaite@example.com,"Braithwaite, Ulyssa M",Engineering,Eng Manager,Management & Leadership,Hyderabad,IN,CC-ENGR-3318,engineering.mgr01@example.com,Technology,Contoso Ltd
ulyssalocksley@example.com,"Locksley, Ulyssa M",Member Services,Escalations Lead,Member & Customer Support,"Nashville, TN",US,CC-MBRS-1678,member.mgr02@example.com,Health Services,Contoso Ltd
bexleyhollingsworth@example.com,"Hollingsworth, Bexley K",Engineering,SRE,Engineering & IT,Bengaluru,IN,CC-ENGR-3318,engineering.mgr01@example.com,Technology,Contoso Ltd
silvanusprendergast@example.com,"Prendergast, Silvanus T",Government Programs,Medicare Analyst,Claims & Operations,"Minnetonka, MN",US,CC-GOVT-6906,government.mgr01@example.com,Insurance Operations,Contoso Ltd
fennimorefairbanks@example.com,"Fairbanks, Fennimore M",IT Service Desk,Desktop Admin,Engineering & IT,Bengaluru,IN,CC-ITSD-8744,it.mgr01@example.com,Technology,Contoso Ltd
theodoraziegler@example.com,"Ziegler, Theodora T",Actuarial & Underwriting,Underwriter,Finance & Actuarial,"Minnetonka, MN",US,CC-ACTR-9631,actuarial.mgr02@example.com,Insurance Operations,Contoso Ltd
lysandertrelawney@example.com,"Trelawney, Lysander B",Network Management,Provider Relations,Member & Customer Support,"Atlanta, GA",US,CC-NTWK-9430,network.mgr01@example.com,Health Services,Contoso Ltd
ottiliecarmichael3@example.com,"Carmichael, Ottilie D",Member Services,Escalations Lead,Member & Customer Support,Manila,PH,CC-MBRS-8205,member.mgr01@example.com,Health Services,Contoso Ltd
henriettavandersloot@example.com,"Vandersloot, Henrietta N",Claims Processing,Recovery Specialist,Claims & Operations,"Minnetonka, MN",US,CC-CLMS-8440,claims.mgr01@example.com,Insurance Operations,Contoso Ltd
percivallocksley@example.com,"Locksley, Percival N",Engineering,Software Engineer,Engineering & IT,"Minnetonka, MN",US,CC-ENGR-9639,engineering.mgr01@example.com,Technology,Contoso Ltd
beatrixyardley@example.com,"Yardley, Beatrix J",Member Services,Escalations Lead,Member & Customer Support,"Minnetonka, MN",US,CC-MBRS-1678,member.mgr02@example.com,Health Services,Contoso Ltd
marisoleulverston2@example.com,"Ulverston, Marisole R",Engineering,SRE,Engineering & IT,Hyderabad,IN,CC-ENGR-3318,engineering.mgr01@example.com,Technology,Contoso Ltd
ottiliemarchetti@example.com,"Marchetti, Ottilie J",Member Services,CSR,Member & Customer Support,Bengaluru,IN,CC-MBRS-3434,member.mgr02@example.com,Health Services,Contoso Ltd
montgomeryrutherford@example.com,"Rutherford, Montgomery R",Data & Analytics,ML Engineer,Data & Analytics,"Atlanta, GA",US,CC-DATA-9141,data.mgr02@example.com,Technology,Contoso Ltd
georgianauxbridge@example.com,"Uxbridge, Georgiana H",Sales (Employer Group),Renewal Manager,Sales & Accounts,"Phoenix, AZ",US,CC-SLES-1836,sales.mgr03@example.com,Corporate Functions,Contoso Ltd
ambrosenethercott@example.com,"Nethercott, Ambrose C",Member Services,CSR,Member & Customer Support,"Atlanta, GA",US,CC-MBRS-1678,member.mgr03@example.com,Health Services,Contoso Ltd
wilhelmgrimsby@example.com,"Grimsby, Wilhelm A",Data & Analytics,Data Scientist,Data & Analytics,Dublin,IE,CC-DATA-8847,data.mgr01@example.com,Technology,Contoso Ltd
margueritelindqvist2@example.com,"Lindqvist, Marguerite H",Engineering,SRE,Engineering & IT,"Nashville, TN",US,CC-ENGR-9639,engineering.mgr01@example.com,Technology,Contoso Ltd
margueriteyelverton@example.com,"Yelverton, Marguerite M",Claims Processing,Claims Examiner,Claims & Operations,Hyderabad,IN,CC-CLMS-5672,claims.mgr03@example.com,Insurance Operations,Contoso Ltd
henriettadunmore@example.com,"Dunmore, Henrietta S",IT Service Desk,Desktop Admin,Engineering & IT,Manila,PH,CC-ITSD-8003,it.mgr03@example.com,Technology,Contoso Ltd
nikolaiedgecombe@example.com,"Edgecombe, Nikolai T",Claims Processing,Recovery Specialist,Claims & Operations,"Atlanta, GA",US,CC-CLMS-8440,claims.mgr02@example.com,Insurance Operations,Contoso Ltd
dashiellockendon@example.com,"Ockendon, Dashiell R",Engineering,Eng Manager,Management & Leadership,"Phoenix, AZ",US,CC-ENGR-9639,engineering.mgr02@example.com,Technology,Contoso Ltd
everardtremaine@example.com,"Tremaine, Everard L",Member Services,Quality Analyst,Member & Customer Support,"Atlanta, GA",US,CC-MBRS-1678,member.mgr03@example.com,Health Services,Contoso Ltd
isoldedarlington@example.com,"Darlington, Isolde W",Member Services,Quality Analyst,Member & Customer Support,"Minnetonka, MN",US,CC-MBRS-1678,member.mgr02@example.com,Health Services,Contoso Ltd
leopoldkensington@example.com,"Kensington, Leopold N",Finance,FP&A Manager,Finance & Actuarial,"Minnetonka, MN",US,CC-FINX-3369,finance.mgr03@example.com,Corporate Functions,Contoso Ltd
georgiananorthcote@example.com,"Northcote, Georgiana H",Pharmacy Benefits,Formulary Specialist,Clinical & Care,"Phoenix, AZ",US,CC-RXBM-7797,pharmacy.mgr01@example.com,Health Services,Contoso Ltd
antigonezabrowski@example.com,"Zabrowski, Antigone F",Member Services,Escalations Lead,Member & Customer Support,Manila,PH,CC-MBRS-8205,member.mgr03@example.com,Health Services,Contoso Ltd
fennimoreellsworth@example.com,"Ellsworth, Fennimore T",Engineering,Software Engineer,Engineering & IT,Hyderabad,IN,CC-ENGR-3318,engineering.mgr01@example.com,Technology,Contoso Ltd
barnabykettering@example.com,"Kettering, Barnaby L",Engineering,Eng Manager,Management & Leadership,Dublin,IE,CC-ENGR-9674,engineering.mgr01@example.com,Technology,Contoso Ltd
genevieveoxenford2@example.com,"Oxenford, Genevieve S",Engineering,SRE,Engineering & IT,"Phoenix, AZ",US,CC-ENGR-9639,engineering.mgr02@example.com,Technology,Contoso Ltd
fitzgeraldquartermaine@example.com,"Quartermaine, Fitzgerald K",Product Management,Sr PM,Product & Program,"Phoenix, AZ",US,CC-PROD-5415,product.mgr01@example.com,Technology,Contoso Ltd
zephyrineharrington@example.com,"Harrington, Zephyrine W",Actuarial & Underwriting,Underwriter,Finance & Actuarial,"Minnetonka, MN",US,CC-ACTR-9631,actuarial.mgr02@example.com,Insurance Operations,Contoso Ltd
georgianaoxenford@example.com,"Oxenford, Georgiana R",Finance,Accountant,Finance & Actuarial,"Minnetonka, MN",US,CC-FINX-3369,finance.mgr03@example.com,Corporate Functions,Contoso Ltd
balthazarvandersloot2@example.com,"Vandersloot, Balthazar P",Member Services,CSR,Member & Customer Support,"Phoenix, AZ",US,CC-MBRS-1678,member.mgr03@example.com,Health Services,Contoso Ltd
rosamundinglethorpe@example.com,"Inglethorpe, Rosamund S",Claims Processing,Claims Auditor,Claims & Operations,"Minnetonka, MN",US,CC-CLMS-8440,claims.mgr02@example.com,Insurance Operations,Contoso Ltd
bexleyulverston@example.com,"Ulverston, Bexley M",Sales (Employer Group),Account Executive,Sales & Accounts,"Phoenix, AZ",US,CC-SLES-1836,sales.mgr03@example.com,Corporate Functions,Contoso Ltd
leopoldjessamine@example.com,"Jessamine, Leopold L",Finance,Financial Analyst,Finance & Actuarial,"Minnetonka, MN",US,CC-FINX-3369,finance.mgr02@example.com,Corporate Functions,Contoso Ltd
barnabytrelawney@example.com,"Trelawney, Barnaby F",Network Management,Provider Relations,Member & Customer Support,"Nashville, TN",US,CC-NTWK-9430,network.mgr03@example.com,Health Services,Contoso Ltd
cordeliabeaumont@example.com,"Beaumont, Cordelia W",Clinical Operations,Care Coordinator,Clinical & Care,"Minnetonka, MN",US,CC-CLIN-6351,clinical.mgr02@example.com,Health Services,Contoso Ltd
wilhelminaulverston@example.com,"Ulverston, Wilhelmina S",Member Services,CSR,Member & Customer Support,"Phoenix, AZ",US,CC-MBRS-1678,member.mgr01@example.com,Health Services,Contoso Ltd
ulyssayardley@example.com,"Yardley, Ulyssa L",Data & Analytics,ML Engineer,Data & Analytics,"Nashville, TN",US,CC-DATA-9141,data.mgr03@example.com,Technology,Contoso Ltd
odalysharrington@example.com,"Harrington, Odalys K",Product Management,Sr PM,Product & Program,"Phoenix, AZ",US,CC-PROD-5415,product.mgr02@example.com,Technology,Contoso Ltd
endellionollivander@example.com,"Ollivander, Endellion E",Data & Analytics,ML Engineer,Data & Analytics,"Hartford, CT",US,CC-DATA-9141,data.mgr03@example.com,Technology,Contoso Ltd
everardcrenshaw@example.com,"Crenshaw, Everard P",Claims Processing,Claims Examiner,Claims & Operations,"Nashville, TN",US,CC-CLMS-8440,claims.mgr01@example.com,Insurance Operations,Contoso Ltd
arabellaquennell@example.com,"Quennell, Arabella F",Finance,Accountant,Finance & Actuarial,"Nashville, TN",US,CC-FINX-3369,finance.mgr03@example.com,Corporate Functions,Contoso Ltd
bartholomewdunmore@example.com,"Dunmore, Bartholomew M",Sales (Employer Group),Renewal Manager,Sales & Accounts,"Atlanta, GA",US,CC-SLES-1836,sales.mgr01@example.com,Corporate Functions,Contoso Ltd
beatrixvoskuijlen@example.com,"Voskuijlen, Beatrix D",Engineering,Eng Manager,Management & Leadership,Dublin,IE,CC-ENGR-9674,engineering.mgr03@example.com,Technology,Contoso Ltd
lachlanjessamine@example.com,"Jessamine, Lachlan E",Member Services,Quality Analyst,Member & Customer Support,"Nashville, TN",US,CC-MBRS-1678,member.mgr02@example.com,Health Services,Contoso Ltd
arabellawetherby@example.com,"Wetherby, Arabella P",Legal & Compliance,Privacy Officer,Corporate (HR/Legal/Mktg),"Atlanta, GA",US,CC-LEGL-2668,legal.mgr02@example.com,Corporate Functions,Contoso Ltd
raffertydarlington@example.com,"Darlington, Rafferty W",Claims Processing,Claims Auditor,Claims & Operations,Manila,PH,CC-CLMS-9685,claims.mgr03@example.com,Insurance Operations,Contoso Ltd
thibaultgrimsby@example.com,"Grimsby, Thibault B",Member Services,Quality Analyst,Member & Customer Support,"Atlanta, GA",US,CC-MBRS-1678,member.mgr02@example.com,Health Services,Contoso Ltd
octavianquennell@example.com,"Quennell, Octavian N",IT Service Desk,Tier 2 Tech,Engineering & IT,Manila,PH,CC-ITSD-8003,it.mgr01@example.com,Technology,Contoso Ltd
philippayelverton@example.com,"Yelverton, Philippa P",Member Services,Quality Analyst,Member & Customer Support,"Hartford, CT",US,CC-MBRS-1678,member.mgr02@example.com,Health Services,Contoso Ltd
ignatiusfotheringham@example.com,"Fotheringham, Ignatius R",Member Services,Quality Analyst,Member & Customer Support,"Minnetonka, MN",US,CC-MBRS-1678,member.mgr01@example.com,Health Services,Contoso Ltd
luciussatterthwaite3@example.com,"Satterthwaite, Lucius T",Finance,Financial Analyst,Finance & Actuarial,"Hartford, CT",US,CC-FINX-3369,finance.mgr01@example.com,Corporate Functions,Contoso Ltd
endellionpennington@example.com,"Pennington, Endellion G",Product Management,Group PM,Product & Program,Dublin,IE,CC-PROD-2341,product.mgr01@example.com,Technology,Contoso Ltd
thibaultivorson@example.com,"Ivorson, Thibault P",Engineering,SRE,Engineering & IT,"Atlanta, GA",US,CC-ENGR-9639,engineering.mgr02@example.com,Technology,Contoso Ltd
corneliushollingsworth@example.com,"Hollingsworth, Cornelius J",Claims Processing,Recovery Specialist,Claims & Operations,"Nashville, TN",US,CC-CLMS-8440,claims.mgr03@example.com,Insurance Operations,Contoso Ltd
wilhelminavoskuijlen@example.com,"Voskuijlen, Wilhelmina M",Claims Processing,Claims Auditor,Claims & Operations,"Minnetonka, MN",US,CC-CLMS-8440,claims.mgr02@example.com,Insurance Operations,Contoso Ltd
dashielljessamine@example.com,"Jessamine, Dashiell R",Clinical Operations,Care Coordinator,Clinical & Care,"Atlanta, GA",US,CC-CLIN-6351,clinical.mgr03@example.com,Health Services,Contoso Ltd
zinniagrimsby@example.com,"Grimsby, Zinnia S",Network Management,Network Analyst,Data & Analytics,"Nashville, TN",US,CC-NTWK-9430,network.mgr02@example.com,Health Services,Contoso Ltd
rosalindlattimore@example.com,"Lattimore, Rosalind T",Member Services,CSR,Member & Customer Support,Hyderabad,IN,CC-MBRS-3434,member.mgr02@example.com,Health Services,Contoso Ltd
rosamundthornbury@example.com,"Thornbury, Rosamund H",Claims Processing,Claims Auditor,Claims & Operations,Hyderabad,IN,CC-CLMS-5672,claims.mgr01@example.com,Insurance Operations,Contoso Ltd
horatioprendergast@example.com,"Prendergast, Horatio E",Member Services,Escalations Lead,Member & Customer Support,"Phoenix, AZ",US,CC-MBRS-1678,member.mgr02@example.com,Health Services,Contoso Ltd
clementinedunmore@example.com,"Dunmore, Clementine E",Government Programs,Medicaid Liaison,Claims & Operations,"Minnetonka, MN",US,CC-GOVT-6906,government.mgr03@example.com,Insurance Operations,Contoso Ltd
philippajessamine@example.com,"Jessamine, Philippa J",Member Services,Escalations Lead,Member & Customer Support,"Nashville, TN",US,CC-MBRS-1678,member.mgr02@example.com,Health Services,Contoso Ltd
leopoldabernathy@example.com,"Abernathy, Leopold D",Data & Analytics,Data Scientist,Data & Analytics,Bengaluru,IN,CC-DATA-2363,data.mgr02@example.com,Technology,Contoso Ltd
marloweedgecombe@example.com,"Edgecombe, Marlowe K",Network Management,Contract Negotiator,Sales & Accounts,"Phoenix, AZ",US,CC-NTWK-9430,network.mgr02@example.com,Health Services,Contoso Ltd
theodorasinclair@example.com,"Sinclair, Theodora P",Government Programs,Medicare Analyst,Claims & Operations,"Minnetonka, MN",US,CC-GOVT-6906,government.mgr02@example.com,Insurance Operations,Contoso Ltd
zephyrinevoskuijlen@example.com,"Voskuijlen, Zephyrine R",Human Resources,Recruiter,Corporate (HR/Legal/Mktg),"Nashville, TN",US,CC-HRXX-9770,human.mgr02@example.com,Corporate Functions,Contoso Ltd
margueritebraithwaite@example.com,"Braithwaite, Marguerite R",Clinical Operations,Care Coordinator,Clinical & Care,"Nashville, TN",US,CC-CLIN-6351,clinical.mgr03@example.com,Health Services,Contoso Ltd
bartholomewgrimsby@example.com,"Grimsby, Bartholomew T",Clinical Operations,RN Care Manager,Clinical & Care,"Nashville, TN",US,CC-CLIN-6351,clinical.mgr02@example.com,Health Services,Contoso Ltd
wilhelmduckworth@example.com,"Duckworth, Wilhelm L",Network Management,Contract Negotiator,Sales & Accounts,"Hartford, CT",US,CC-NTWK-9430,network.mgr03@example.com,Health Services,Contoso Ltd
zephyrinekirkpatrick@example.com,"Kirkpatrick, Zephyrine N",IT Service Desk,Tier 2 Tech,Engineering & IT,Manila,PH,CC-ITSD-8003,it.mgr01@example.com,Technology,Contoso Ltd
bramwellnorthcote@example.com,"Northcote, Bramwell L",Data & Analytics,ML Engineer,Data & Analytics,"Nashville, TN",US,CC-DATA-9141,data.mgr01@example.com,Technology,Contoso Ltd
lachlankensington2@example.com,"Kensington, Lachlan J",Product Management,Group PM,Product & Program,"Hartford, CT",US,CC-PROD-5415,product.mgr02@example.com,Technology,Contoso Ltd
casimirkensington@example.com,"Kensington, Casimir E",IT Service Desk,Desktop Admin,Engineering & IT,Manila,PH,CC-ITSD-8003,it.mgr01@example.com,Technology,Contoso Ltd
zinniakettering@example.com,"Kettering, Zinnia F",Clinical Operations,RN Care Manager,Clinical & Care,"Hartford, CT",US,CC-CLIN-6351,clinical.mgr02@example.com,Health Services,Contoso Ltd
zinniahollingsworth@example.com,"Hollingsworth, Zinnia C",Clinical Operations,Clinical Analyst,Clinical & Care,"Hartford, CT",US,CC-CLIN-6351,clinical.mgr02@example.com,Health Services,Contoso Ltd
thibaultwexford@example.com,"Wexford, Thibault W",Human Resources,Comp Analyst,Corporate (HR/Legal/Mktg),"Atlanta, GA",US,CC-HRXX-9770,human.mgr02@example.com,Corporate Functions,Contoso Ltd
corwintremaine@example.com,"Tremaine, Corwin F",Clinical Operations,Clinical Analyst,Clinical & Care,Dublin,IE,CC-CLIN-6316,clinical.mgr01@example.com,Health Services,Contoso Ltd
rosalindjorgensen@example.com,"Jorgensen, Rosalind F",Network Management,Contract Negotiator,Sales & Accounts,"Atlanta, GA",US,CC-NTWK-9430,network.mgr03@example.com,Health Services,Contoso Ltd
ottiliecarmichael2@example.com,"Carmichael, Ottilie F",Finance,Accountant,Finance & Actuarial,"Phoenix, AZ",US,CC-FINX-3369,finance.mgr03@example.com,Corporate Functions,Contoso Ltd
margueriterosewarne@example.com,"Rosewarne, Marguerite T",Actuarial & Underwriting,Pricing Analyst,Finance & Actuarial,"Hartford, CT",US,CC-ACTR-9631,actuarial.mgr02@example.com,Insurance Operations,Contoso Ltd
zinniamowbray@example.com,"Mowbray, Zinnia E",Claims Processing,Claims Auditor,Claims & Operations,"Minnetonka, MN",US,CC-CLMS-8440,claims.mgr02@example.com,Insurance Operations,Contoso Ltd
cordeliaulverston@example.com,"Ulverston, Cordelia J",Member Services,CSR,Member & Customer Support,"Phoenix, AZ",US,CC-MBRS-1678,member.mgr02@example.com,Health Services,Contoso Ltd
antigonequartermaine@example.com,"Quartermaine, Antigone B",Finance,Accountant,Finance & Actuarial,"Atlanta, GA",US,CC-FINX-3369,finance.mgr01@example.com,Corporate Functions,Contoso Ltd
verityjessamine@example.com,"Jessamine, Verity J",Sales (Employer Group),Renewal Manager,Sales & Accounts,"Minnetonka, MN",US,CC-SLES-1836,sales.mgr02@example.com,Corporate Functions,Contoso Ltd
casimirstroganov@example.com,"Stroganov, Casimir L",Data & Analytics,ML Engineer,Data & Analytics,Bengaluru,IN,CC-DATA-2363,data.mgr02@example.com,Technology,Contoso Ltd
cassianockendon@example.com,"Ockendon, Cassian A",Human Resources,Comp Analyst,Corporate (HR/Legal/Mktg),"Nashville, TN",US,CC-HRXX-9770,human.mgr03@example.com,Corporate Functions,Contoso Ltd
horatioziegler@example.com,"Ziegler, Horatio K",Clinical Operations,RN Care Manager,Clinical & Care,"Phoenix, AZ",US,CC-CLIN-6351,clinical.mgr02@example.com,Health Services,Contoso Ltd
bramwellquennell@example.com,"Quennell, Bramwell K",Sales (Employer Group),Sales Engineer,Sales & Accounts,"Atlanta, GA",US,CC-SLES-1836,sales.mgr02@example.com,Corporate Functions,Contoso Ltd
barnabyvillanueva@example.com,"Villanueva, Barnaby G",Claims Processing,Claims Examiner,Claims & Operations,Manila,PH,CC-CLMS-9685,claims.mgr03@example.com,Insurance Operations,Contoso Ltd
silvanusgalbraith@example.com,"Galbraith, Silvanus D",Network Management,Network Analyst,Data & Analytics,"Nashville, TN",US,CC-NTWK-9430,network.mgr02@example.com,Health Services,Contoso Ltd
fitzgeraldprendergast@example.com,"Prendergast, Fitzgerald G",Network Management,Provider Relations,Member & Customer Support,"Atlanta, GA",US,CC-NTWK-9430,network.mgr03@example.com,Health Services,Contoso Ltd
viviennetremaine@example.com,"Tremaine, Vivienne F",Member Services,CSR,Member & Customer Support,"Nashville, TN",US,CC-MBRS-1678,member.mgr03@example.com,Health Services,Contoso Ltd
casimirquartermaine@example.com,"Quartermaine, Casimir H",Clinical Operations,Clinical Analyst,Clinical & Care,"Atlanta, GA",US,CC-CLIN-6351,clinical.mgr03@example.com,Health Services,Contoso Ltd
peregrinefairbanks@example.com,"Fairbanks, Peregrine T",Pharmacy Benefits,Pharmacy Tech,Clinical & Care,"Phoenix, AZ",US,CC-RXBM-7797,pharmacy.mgr01@example.com,Health Services,Contoso Ltd
persephonenethercott2@example.com,"Nethercott, Persephone H",Clinical Operations,Clinical Analyst,Clinical & Care,"Atlanta, GA",US,CC-CLIN-6351,clinical.mgr02@example.com,Health Services,Contoso Ltd
nikolaisatterthwaite@example.com,"Satterthwaite, Nikolai C",Marketing,Content Strategist,Corporate (HR/Legal/Mktg),"Minnetonka, MN",US,CC-MKTG-7836,marketing.mgr02@example.com,Corporate Functions,Contoso Ltd
marisolebletchley@example.com,"Bletchley, Marisole M",Member Services,CSR,Member & Customer Support,"Phoenix, AZ",US,CC-MBRS-1678,member.mgr03@example.com,Health Services,Contoso Ltd
bartholomewlattimore@example.com,"Lattimore, Bartholomew B",Sales (Employer Group),Sales Engineer,Sales & Accounts,"Atlanta, GA",US,CC-SLES-1836,sales.mgr03@example.com,Corporate Functions,Contoso Ltd
ottolineunderhill@example.com,"Underhill, Ottoline W",Engineering,Software Engineer,Engineering & IT,"Atlanta, GA",US,CC-ENGR-9639,engineering.mgr03@example.com,Technology,Contoso Ltd
ferdinandwollstonecraft@example.com,"Wollstonecraft, Ferdinand H",Member Services,Quality Analyst,Member & Customer Support,"Nashville, TN",US,CC-MBRS-1678,member.mgr02@example.com,Health Services,Contoso Ltd
bartholomewnorthcote@example.com,"Northcote, Bartholomew D",Actuarial & Underwriting,Pricing Analyst,Finance & Actuarial,"Phoenix, AZ",US,CC-ACTR-9631,actuarial.mgr01@example.com,Insurance Operations,Contoso Ltd
philippainglethorpe@example.com,"Inglethorpe, Philippa N",Data & Analytics,BI Engineer,Data & Analytics,"Phoenix, AZ",US,CC-DATA-9141,data.mgr01@example.com,Technology,Contoso Ltd
leopoldlindqvist@example.com,"Lindqvist, Leopold G",Marketing,Brand Lead,Corporate (HR/Legal/Mktg),"Nashville, TN",US,CC-MKTG-7836,marketing.mgr01@example.com,Corporate Functions,Contoso Ltd
arabellarosewarne@example.com,"Rosewarne, Arabella L",Finance,FP&A Manager,Finance & Actuarial,"Minnetonka, MN",US,CC-FINX-3369,finance.mgr01@example.com,Corporate Functions,Contoso Ltd
ambrosevoskuijlen@example.com,"Voskuijlen, Ambrose K",Human Resources,Recruiter,Corporate (HR/Legal/Mktg),"Nashville, TN",US,CC-HRXX-9770,human.mgr02@example.com,Corporate Functions,Contoso Ltd
leopolddarlington@example.com,"Darlington, Leopold T",Actuarial & Underwriting,Pricing Analyst,Finance & Actuarial,"Minnetonka, MN",US,CC-ACTR-9631,actuarial.mgr02@example.com,Insurance Operations,Contoso Ltd
rosamundquartermaine@example.com,"Quartermaine, Rosamund E",Clinical Operations,Care Coordinator,Clinical & Care,"Nashville, TN",US,CC-CLIN-6351,clinical.mgr03@example.com,Health Services,Contoso Ltd
leopoldthornbury@example.com,"Thornbury, Leopold T",Government Programs,Policy Analyst,Claims & Operations,"Minnetonka, MN",US,CC-GOVT-6906,government.mgr03@example.com,Insurance Operations,Contoso Ltd
percytremaine@example.com,"Tremaine, Percy F",Engineering,Platform Engineer,Engineering & IT,Hyderabad,IN,CC-ENGR-3318,engineering.mgr03@example.com,Technology,Contoso Ltd
horatiovoskuijlen@example.com,"Voskuijlen, Horatio T",Government Programs,Medicare Analyst,Claims & Operations,"Minnetonka, MN",US,CC-GOVT-6906,government.mgr03@example.com,Insurance Operations,Contoso Ltd
thibaultmowbray@example.com,"Mowbray, Thibault T",Network Management,Contract Negotiator,Sales & Accounts,"Hartford, CT",US,CC-NTWK-9430,network.mgr03@example.com,Health Services,Contoso Ltd
casimiroxenford@example.com,"Oxenford, Casimir J",Claims Processing,Recovery Specialist,Claims & Operations,"Minnetonka, MN",US,CC-CLMS-8440,claims.mgr03@example.com,Insurance Operations,Contoso Ltd
yorickharrington@example.com,"Harrington, Yorick P",Finance,Financial Analyst,Finance & Actuarial,"Phoenix, AZ",US,CC-FINX-3369,finance.mgr01@example.com,Corporate Functions,Contoso Ltd
xantheattenborough@example.com,"Attenborough, Xanthe T",Data & Analytics,ML Engineer,Data & Analytics,Bengaluru,IN,CC-DATA-2363,data.mgr03@example.com,Technology,Contoso Ltd
endellionthornbury@example.com,"Thornbury, Endellion C",Data & Analytics,BI Engineer,Data & Analytics,"Atlanta, GA",US,CC-DATA-9141,data.mgr02@example.com,Technology,Contoso Ltd
wendelineduckworth@example.com,"Duckworth, Wendeline K",Claims Processing,Claims Examiner,Claims & Operations,"Minnetonka, MN",US,CC-CLMS-8440,claims.mgr01@example.com,Insurance Operations,Contoso Ltd
clementineziegler@example.com,"Ziegler, Clementine W",Claims Processing,Claims Examiner,Claims & Operations,"Atlanta, GA",US,CC-CLMS-8440,claims.mgr03@example.com,Insurance Operations,Contoso Ltd
calanthefairbanks@example.com,"Fairbanks, Calanthe F",Product Management,PM,Product & Program,"Atlanta, GA",US,CC-PROD-5415,product.mgr03@example.com,Technology,Contoso Ltd
fennimoreravenscroft@example.com,"Ravenscroft, Fennimore W",Clinical Operations,Clinical Analyst,Clinical & Care,"Minnetonka, MN",US,CC-CLIN-6351,clinical.mgr01@example.com,Health Services,Contoso Ltd
bramwellillingworth@example.com,"Illingworth, Bramwell M",Actuarial & Underwriting,Actuary,Finance & Actuarial,"Atlanta, GA",US,CC-ACTR-9631,actuarial.mgr03@example.com,Insurance Operations,Contoso Ltd
hesperquennell@example.com,"Quennell, Hesper R",Marketing,Marketing Manager,Corporate (HR/Legal/Mktg),"Nashville, TN",US,CC-MKTG-7836,marketing.mgr03@example.com,Corporate Functions,Contoso Ltd
ignatiuslattimore@example.com,"Lattimore, Ignatius D",Data & Analytics,BI Engineer,Data & Analytics,"Atlanta, GA",US,CC-DATA-9141,data.mgr02@example.com,Technology,Contoso Ltd
beatrixcarmichael@example.com,"Carmichael, Beatrix K",IT Service Desk,Tier 2 Tech,Engineering & IT,"Nashville, TN",US,CC-ITSD-5368,it.mgr02@example.com,Technology,Contoso Ltd
rosamundillingworth@example.com,"Illingworth, Rosamund D",Member Services,Quality Analyst,Member & Customer Support,Manila,PH,CC-MBRS-8205,member.mgr01@example.com,Health Services,Contoso Ltd
everardkettering@example.com,"Kettering, Everard J",Data & Analytics,Data Analyst,Data & Analytics,Dublin,IE,CC-DATA-8847,data.mgr02@example.com,Technology,Contoso Ltd
thaddeusnethercott@example.com,"Nethercott, Thaddeus G",Claims Processing,Claims Auditor,Claims & Operations,"Nashville, TN",US,CC-CLMS-8440,claims.mgr02@example.com,Insurance Operations,Contoso Ltd
elowendunmore@example.com,"Dunmore, Elowen K",Clinical Operations,Clinical Analyst,Clinical & Care,"Nashville, TN",US,CC-CLIN-6351,clinical.mgr02@example.com,Health Services,Contoso Ltd
percivalvandersloot@example.com,"Vandersloot, Percival G",Product Management,PM,Product & Program,"Nashville, TN",US,CC-PROD-5415,product.mgr02@example.com,Technology,Contoso Ltd
reginaldulverston@example.com,"Ulverston, Reginald T",Clinical Operations,Clinical Analyst,Clinical & Care,"Nashville, TN",US,CC-CLIN-6351,clinical.mgr01@example.com,Health Services,Contoso Ltd
zinniaquartermaine@example.com,"Quartermaine, Zinnia K",Member Services,Quality Analyst,Member & Customer Support,"Minnetonka, MN",US,CC-MBRS-1678,member.mgr03@example.com,Health Services,Contoso Ltd
thaddeusjorgensen@example.com,"Jorgensen, Thaddeus B",Network Management,Network Analyst,Data & Analytics,"Atlanta, GA",US,CC-NTWK-9430,network.mgr01@example.com,Health Services,Contoso Ltd
balthazarmerriweather@example.com,"Merriweather, Balthazar T",Finance,Financial Analyst,Finance & Actuarial,"Minnetonka, MN",US,CC-FINX-3369,finance.mgr02@example.com,Corporate Functions,Contoso Ltd
xantheharrington2@example.com,"Harrington, Xanthe W",Network Management,Provider Relations,Member & Customer Support,"Hartford, CT",US,CC-NTWK-9430,network.mgr03@example.com,Health Services,Contoso Ltd
silvanusockendon@example.com,"Ockendon, Silvanus M",Member Services,Escalations Lead,Member & Customer Support,Manila,PH,CC-MBRS-8205,member.mgr03@example.com,Health Services,Contoso Ltd
thibaultcarmichael@example.com,"Carmichael, Thibault A",Engineering,Platform Engineer,Engineering & IT,"Hartford, CT",US,CC-ENGR-9639,engineering.mgr03@example.com,Technology,Contoso Ltd
ottilielindqvist@example.com,"Lindqvist, Ottilie J",Network Management,Provider Relations,Member & Customer Support,"Atlanta, GA",US,CC-NTWK-9430,network.mgr01@example.com,Health Services,Contoso Ltd
clementineillingworth@example.com,"Illingworth, Clementine W",Sales (Employer Group),Sales Engineer,Sales & Accounts,"Nashville, TN",US,CC-SLES-1836,sales.mgr02@example.com,Corporate Functions,Contoso Ltd
bexleykirkpatrick@example.com,"Kirkpatrick, Bexley F",Clinical Operations,Care Coordinator,Clinical & Care,"Phoenix, AZ",US,CC-CLIN-6351,clinical.mgr02@example.com,Health Services,Contoso Ltd
octavianblackwood@example.com,"Blackwood, Octavian F",Member Services,CSR,Member & Customer Support,"Phoenix, AZ",US,CC-MBRS-1678,member.mgr01@example.com,Health Services,Contoso Ltd
luciusockendon@example.com,"Ockendon, Lucius M",Member Services,Escalations Lead,Member & Customer Support,"Minnetonka, MN",US,CC-MBRS-1678,member.mgr01@example.com,Health Services,Contoso Ltd
ottolinecrenshaw@example.com,"Crenshaw, Ottoline R",Claims Processing,Recovery Specialist,Claims & Operations,"Nashville, TN",US,CC-CLMS-8440,claims.mgr02@example.com,Insurance Operations,Contoso Ltd
thaddeusabernathy@example.com,"Abernathy, Thaddeus J",Claims Processing,Claims Examiner,Claims & Operations,"Atlanta, GA",US,CC-CLMS-8440,claims.mgr01@example.com,Insurance Operations,Contoso Ltd
seraphinanethercott@example.com,"Nethercott, Seraphina K",Sales (Employer Group),Renewal Manager,Sales & Accounts,"Nashville, TN",US,CC-SLES-1836,sales.mgr02@example.com,Corporate Functions,Contoso Ltd
theodorabeaumont@example.com,"Beaumont, Theodora F",Engineering,Platform Engineer,Engineering & IT,Bengaluru,IN,CC-ENGR-3318,engineering.mgr01@example.com,Technology,Contoso Ltd
fitzgeraldthornbury@example.com,"Thornbury, Fitzgerald B",Human Resources,HRBP,Corporate (HR/Legal/Mktg),"Atlanta, GA",US,CC-HRXX-9770,human.mgr01@example.com,Corporate Functions,Contoso Ltd
georgianablackwood@example.com,"Blackwood, Georgiana N",IT Service Desk,Tier 2 Tech,Engineering & IT,Manila,PH,CC-ITSD-8003,it.mgr02@example.com,Technology,Contoso Ltd
octavianyelverton@example.com,"Yelverton, Octavian A",Clinical Operations,Care Coordinator,Clinical & Care,"Nashville, TN",US,CC-CLIN-6351,clinical.mgr03@example.com,Health Services,Contoso Ltd
clementinegodfrey@example.com,"Godfrey, Clementine D",Member Services,Quality Analyst,Member & Customer Support,"Atlanta, GA",US,CC-MBRS-1678,member.mgr02@example.com,Health Services,Contoso Ltd
dashiellravenscroft@example.com,"Ravenscroft, Dashiell M",Product Management,Sr PM,Product & Program,"Hartford, CT",US,CC-PROD-5415,product.mgr03@example.com,Technology,Contoso Ltd
marisolequartermaine@example.com,"Quartermaine, Marisole M",IT Service Desk,Tier 1 Tech,Engineering & IT,"Hartford, CT",US,CC-ITSD-5368,it.mgr01@example.com,Technology,Contoso Ltd
delphinetrelawney@example.com,"Trelawney, Delphine N",Engineering,Eng Manager,Management & Leadership,"Phoenix, AZ",US,CC-ENGR-9639,engineering.mgr03@example.com,Technology,Contoso Ltd
leopolddunmore@example.com,"Dunmore, Leopold J",IT Service Desk,Tier 2 Tech,Engineering & IT,"Phoenix, AZ",US,CC-ITSD-5368,it.mgr03@example.com,Technology,Contoso Ltd
thibaultmerriweather@example.com,"Merriweather, Thibault G",Member Services,Escalations Lead,Member & Customer Support,"Atlanta, GA",US,CC-MBRS-1678,member.mgr02@example.com,Health Services,Contoso Ltd
antigoneziegler@example.com,"Ziegler, Antigone D",Clinical Operations,Care Coordinator,Clinical & Care,"Hartford, CT",US,CC-CLIN-6351,clinical.mgr03@example.com,Health Services,Contoso Ltd
antheakirkpatrick@example.com,"Kirkpatrick, Anthea W",Engineering,SRE,Engineering & IT,Bengaluru,IN,CC-ENGR-3318,engineering.mgr01@example.com,Technology,Contoso Ltd
luciusoxenford@example.com,"Oxenford, Lucius B",Clinical Operations,Care Coordinator,Clinical & Care,"Nashville, TN",US,CC-CLIN-6351,clinical.mgr03@example.com,Health Services,Contoso Ltd
dashiellcarmichael2@example.com,"Carmichael, Dashiell S",Network Management,Contract Negotiator,Sales & Accounts,"Hartford, CT",US,CC-NTWK-9430,network.mgr01@example.com,Health Services,Contoso Ltd
persephonevillanueva@example.com,"Villanueva, Persephone N",Claims Processing,Claims Examiner,Claims & Operations,"Hartford, CT",US,CC-CLMS-8440,claims.mgr01@example.com,Insurance Operations,Contoso Ltd
raffertybraithwaite@example.com,"Braithwaite, Rafferty B",Engineering,SRE,Engineering & IT,"Hartford, CT",US,CC-ENGR-9639,engineering.mgr03@example.com,Technology,Contoso Ltd
seraphinasinclair2@example.com,"Sinclair, Seraphina F",Claims Processing,Claims Examiner,Claims & Operations,"Atlanta, GA",US,CC-CLMS-8440,claims.mgr01@example.com,Insurance Operations,Contoso Ltd
thaddeusunderhill@example.com,"Underhill, Thaddeus G",Data & Analytics,BI Engineer,Data & Analytics,Hyderabad,IN,CC-DATA-2363,data.mgr01@example.com,Technology,Contoso Ltd
corneliuslocksley@example.com,"Locksley, Cornelius M",Marketing,Content Strategist,Corporate (HR/Legal/Mktg),"Atlanta, GA",US,CC-MKTG-7836,marketing.mgr03@example.com,Corporate Functions,Contoso Ltd
wendelineainsworth@example.com,"Ainsworth, Wendeline P",Clinical Operations,Care Coordinator,Clinical & Care,"Hartford, CT",US,CC-CLIN-6351,clinical.mgr02@example.com,Health Services,Contoso Ltd
luciussatterthwaite2@example.com,"Satterthwaite, Lucius P",Claims Processing,Claims Examiner,Claims & Operations,"Hartford, CT",US,CC-CLMS-8440,claims.mgr02@example.com,Insurance Operations,Contoso Ltd
luciussatterthwaite@example.com,"Satterthwaite, Lucius N",Product Management,Sr PM,Product & Program,"Atlanta, GA",US,CC-PROD-5415,product.mgr03@example.com,Technology,Contoso Ltd
emmerichtremaine@example.com,"Tremaine, Emmerich H",Member Services,Escalations Lead,Member & Customer Support,"Phoenix, AZ",US,CC-MBRS-1678,member.mgr03@example.com,Health Services,Contoso Ltd
lachlankensington@example.com,"Kensington, Lachlan L",Clinical Operations,RN Care Manager,Clinical & Care,"Atlanta, GA",US,CC-CLIN-6351,clinical.mgr03@example.com,Health Services,Contoso Ltd
rosamundfotheringham@example.com,"Fotheringham, Rosamund J",IT Service Desk,Tier 2 Tech,Engineering & IT,Manila,PH,CC-ITSD-8003,it.mgr03@example.com,Technology,Contoso Ltd
corneliusprendergast@example.com,"Prendergast, Cornelius N",Clinical Operations,Care Coordinator,Clinical & Care,"Nashville, TN",US,CC-CLIN-6351,clinical.mgr03@example.com,Health Services,Contoso Ltd
luciusulverston@example.com,"Ulverston, Lucius P",Claims Processing,Claims Auditor,Claims & Operations,"Phoenix, AZ",US,CC-CLMS-8440,claims.mgr01@example.com,Insurance Operations,Contoso Ltd
reginaldabernathy2@example.com,"Abernathy, Reginald T",Member Services,Quality Analyst,Member & Customer Support,"Nashville, TN",US,CC-MBRS-1678,member.mgr01@example.com,Health Services,Contoso Ltd
solveigcadwallader@example.com,"Cadwallader, Solveig P",Engineering,Platform Engineer,Engineering & IT,Dublin,IE,CC-ENGR-9674,engineering.mgr02@example.com,Technology,Contoso Ltd
henriettaockendon@example.com,"Ockendon, Henrietta C",Pharmacy Benefits,PBM Analyst,Clinical & Care,"Nashville, TN",US,CC-RXBM-7797,pharmacy.mgr02@example.com,Health Services,Contoso Ltd
margueritegalbraith@example.com,"Galbraith, Marguerite L",Clinical Operations,Care Coordinator,Clinical & Care,"Phoenix, AZ",US,CC-CLIN-6351,clinical.mgr01@example.com,Health Services,Contoso Ltd
corwinnorthcote@example.com,"Northcote, Corwin A",Pharmacy Benefits,Pharmacy Tech,Clinical & Care,"Nashville, TN",US,CC-RXBM-7797,pharmacy.mgr01@example.com,Health Services,Contoso Ltd
ignatiusollivander@example.com,"Ollivander, Ignatius N",Sales (Employer Group),Account Executive,Sales & Accounts,"Phoenix, AZ",US,CC-SLES-1836,sales.mgr03@example.com,Corporate Functions,Contoso Ltd
ottilieulverston@example.com,"Ulverston, Ottilie L",Pharmacy Benefits,Pharmacy Tech,Clinical & Care,"Nashville, TN",US,CC-RXBM-7797,pharmacy.mgr01@example.com,Health Services,Contoso Ltd
octavianuxbridge@example.com,"Uxbridge, Octavian B",Claims Processing,Claims Examiner,Claims & Operations,"Minnetonka, MN",US,CC-CLMS-8440,claims.mgr02@example.com,Insurance Operations,Contoso Ltd
reginaldwollstonecraft@example.com,"Wollstonecraft, Reginald H",Human Resources,Comp Analyst,Corporate (HR/Legal/Mktg),"Hartford, CT",US,CC-HRXX-9770,human.mgr03@example.com,Corporate Functions,Contoso Ltd
cassianvillanueva@example.com,"Villanueva, Cassian S",Data & Analytics,Data Analyst,Data & Analytics,"Minnetonka, MN",US,CC-DATA-9141,data.mgr01@example.com,Technology,Contoso Ltd
hesperpennington@example.com,"Pennington, Hesper F",Member Services,Escalations Lead,Member & Customer Support,Manila,PH,CC-MBRS-8205,member.mgr02@example.com,Health Services,Contoso Ltd
theodoraravenscroft@example.com,"Ravenscroft, Theodora G",Data & Analytics,Data Analyst,Data & Analytics,"Atlanta, GA",US,CC-DATA-9141,data.mgr01@example.com,Technology,Contoso Ltd
corwinabernathy@example.com,"Abernathy, Corwin G",Engineering,Platform Engineer,Engineering & IT,"Phoenix, AZ",US,CC-ENGR-9639,engineering.mgr02@example.com,Technology,Contoso Ltd
xanthenethercott@example.com,"Nethercott, Xanthe G",Finance,FP&A Manager,Finance & Actuarial,"Nashville, TN",US,CC-FINX-3369,finance.mgr02@example.com,Corporate Functions,Contoso Ltd
delphinesinclair@example.com,"Sinclair, Delphine L",Member Services,Quality Analyst,Member & Customer Support,"Nashville, TN",US,CC-MBRS-1678,member.mgr02@example.com,Health Services,Contoso Ltd
viviennevoskuijlen@example.com,"Voskuijlen, Vivienne T",Actuarial & Underwriting,Underwriter,Finance & Actuarial,"Hartford, CT",US,CC-ACTR-9631,actuarial.mgr02@example.com,Insurance Operations,Contoso Ltd
georgianainglethorpe@example.com,"Inglethorpe, Georgiana S",Marketing,Content Strategist,Corporate (HR/Legal/Mktg),"Minnetonka, MN",US,CC-MKTG-7836,marketing.mgr02@example.com,Corporate Functions,Contoso Ltd
cassianhawthorne@example.com,"Hawthorne, Cassian B",Actuarial & Underwriting,Pricing Analyst,Finance & Actuarial,"Phoenix, AZ",US,CC-ACTR-9631,actuarial.mgr02@example.com,Insurance Operations,Contoso Ltd
everardainsworth@example.com,"Ainsworth, Everard W",Legal & Compliance,Counsel,Corporate (HR/Legal/Mktg),"Minnetonka, MN",US,CC-LEGL-2668,legal.mgr02@example.com,Corporate Functions,Contoso Ltd
ulyssaquigley@example.com,"Quigley, Ulyssa E",Member Services,CSR,Member & Customer Support,Manila,PH,CC-MBRS-8205,member.mgr02@example.com,Health Services,Contoso Ltd
peregrinequennell@example.com,"Quennell, Peregrine A",Actuarial & Underwriting,Actuary,Finance & Actuarial,"Minnetonka, MN",US,CC-ACTR-9631,actuarial.mgr03@example.com,Insurance Operations,Contoso Ltd
balthazarlindqvist@example.com,"Lindqvist, Balthazar M",Clinical Operations,Care Coordinator,Clinical & Care,"Hartford, CT",US,CC-CLIN-6351,clinical.mgr02@example.com,Health Services,Contoso Ltd
luciusulverston2@example.com,"Ulverston, Lucius E",Claims Processing,Recovery Specialist,Claims & Operations,"Hartford, CT",US,CC-CLMS-8440,claims.mgr02@example.com,Insurance Operations,Contoso Ltd
arabellayelverton@example.com,"Yelverton, Arabella R",Member Services,Escalations Lead,Member & Customer Support,"Atlanta, GA",US,CC-MBRS-1678,member.mgr03@example.com,Health Services,Contoso Ltd
bexleyjankowski@example.com,"Jankowski, Bexley M",Member Services,CSR,Member & Customer Support,"Atlanta, GA",US,CC-MBRS-1678,member.mgr02@example.com,Health Services,Contoso Ltd
fitzgeraldwexford@example.com,"Wexford, Fitzgerald A",Member Services,Quality Analyst,Member & Customer Support,"Atlanta, GA",US,CC-MBRS-1678,member.mgr01@example.com,Health Services,Contoso Ltd
lysandernightingale@example.com,"Nightingale, Lysander M",Data & Analytics,BI Engineer,Data & Analytics,Bengaluru,IN,CC-DATA-2363,data.mgr02@example.com,Technology,Contoso Ltd
veritysatterthwaite@example.com,"Satterthwaite, Verity A",Actuarial & Underwriting,Underwriter,Finance & Actuarial,Dublin,IE,CC-ACTR-7125,actuarial.mgr02@example.com,Insurance Operations,Contoso Ltd
balthazarvandersloot@example.com,"Vandersloot, Balthazar H",Data & Analytics,BI Engineer,Data & Analytics,"Nashville, TN",US,CC-DATA-9141,data.mgr03@example.com,Technology,Contoso Ltd
everardnorthcote@example.com,"Northcote, Everard S",Member Services,Escalations Lead,Member & Customer Support,Manila,PH,CC-MBRS-8205,member.mgr03@example.com,Health Services,Contoso Ltd
raffertyfairbanks2@example.com,"Fairbanks, Rafferty E",Sales (Employer Group),Sales Engineer,Sales & Accounts,"Phoenix, AZ",US,CC-SLES-1836,sales.mgr03@example.com,Corporate Functions,Contoso Ltd
genevievefairweather@example.com,"Fairweather, Genevieve L",Pharmacy Benefits,Pharmacy Tech,Clinical & Care,"Minnetonka, MN",US,CC-RXBM-7797,pharmacy.mgr02@example.com,Health Services,Contoso Ltd
dashielloxenford@example.com,"Oxenford, Dashiell L",Member Services,Escalations Lead,Member & Customer Support,"Phoenix, AZ",US,CC-MBRS-1678,member.mgr02@example.com,Health Services,Contoso Ltd
calanthecrenshaw@example.com,"Crenshaw, Calanthe L",Member Services,CSR,Member & Customer Support,"Hartford, CT",US,CC-MBRS-1678,member.mgr01@example.com,Health Services,Contoso Ltd
ambrosehawthorne@example.com,"Hawthorne, Ambrose H",IT Service Desk,Tier 1 Tech,Engineering & IT,Bengaluru,IN,CC-ITSD-8744,it.mgr01@example.com,Technology,Contoso Ltd
ambrosesinclair@example.com,"Sinclair, Ambrose A",IT Service Desk,Tier 1 Tech,Engineering & IT,"Nashville, TN",US,CC-ITSD-5368,it.mgr03@example.com,Technology,Contoso Ltd
corneliuswexford@example.com,"Wexford, Cornelius J",Member Services,Quality Analyst,Member & Customer Support,Hyderabad,IN,CC-MBRS-3434,member.mgr01@example.com,Health Services,Contoso Ltd
cordeliamerriweather@example.com,"Merriweather, Cordelia B",Member Services,CSR,Member & Customer Support,Manila,PH,CC-MBRS-8205,member.mgr02@example.com,Health Services,Contoso Ltd
verityulverston@example.com,"Ulverston, Verity E",Data & Analytics,BI Engineer,Data & Analytics,"Minnetonka, MN",US,CC-DATA-9141,data.mgr01@example.com,Technology,Contoso Ltd
endellionbeaumont@example.com,"Beaumont, Endellion M",Clinical Operations,Care Coordinator,Clinical & Care,Dublin,IE,CC-CLIN-6316,clinical.mgr02@example.com,Health Services,Contoso Ltd
ulyssasatterthwaite@example.com,"Satterthwaite, Ulyssa K",Member Services,Escalations Lead,Member & Customer Support,"Hartford, CT",US,CC-MBRS-1678,member.mgr02@example.com,Health Services,Contoso Ltd
wendelineravenscroft@example.com,"Ravenscroft, Wendeline J",Claims Processing,Claims Examiner,Claims & Operations,Hyderabad,IN,CC-CLMS-5672,claims.mgr02@example.com,Insurance Operations,Contoso Ltd
raffertybraithwaite2@example.com,"Braithwaite, Rafferty M",Clinical Operations,RN Care Manager,Clinical & Care,"Phoenix, AZ",US,CC-CLIN-6351,clinical.mgr01@example.com,Health Services,Contoso Ltd
marlowelocksley@example.com,"Locksley, Marlowe N",Member Services,CSR,Member & Customer Support,Manila,PH,CC-MBRS-8205,member.mgr01@example.com,Health Services,Contoso Ltd
lachlanfairweather@example.com,"Fairweather, Lachlan E",Clinical Operations,RN Care Manager,Clinical & Care,"Nashville, TN",US,CC-CLIN-6351,clinical.mgr03@example.com,Health Services,Contoso Ltd
genevieveziegler2@example.com,"Ziegler, Genevieve H",Finance,Financial Analyst,Finance & Actuarial,"Minnetonka, MN",US,CC-FINX-3369,finance.mgr02@example.com,Corporate Functions,Contoso Ltd
arabellatremaine@example.com,"Tremaine, Arabella F",Member Services,CSR,Member & Customer Support,"Nashville, TN",US,CC-MBRS-1678,member.mgr01@example.com,Health Services,Contoso Ltd
luciusvillanueva@example.com,"Villanueva, Lucius N",Member Services,Quality Analyst,Member & Customer Support,Bengaluru,IN,CC-MBRS-3434,member.mgr03@example.com,Health Services,Contoso Ltd
fitzgeraldharrington@example.com,"Harrington, Fitzgerald N",Engineering,Software Engineer,Engineering & IT,"Minnetonka, MN",US,CC-ENGR-9639,engineering.mgr03@example.com,Technology,Contoso Ltd
ottilieainsworth@example.com,"Ainsworth, Ottilie C",Member Services,Quality Analyst,Member & Customer Support,"Phoenix, AZ",US,CC-MBRS-1678,member.mgr02@example.com,Health Services,Contoso Ltd
ottilieedgecombe@example.com,"Edgecombe, Ottilie A",Claims Processing,Claims Examiner,Claims & Operations,Manila,PH,CC-CLMS-9685,claims.mgr02@example.com,Insurance Operations,Contoso Ltd
arabellavillanueva@example.com,"Villanueva, Arabella H",Clinical Operations,Care Coordinator,Clinical & Care,"Atlanta, GA",US,CC-CLIN-6351,clinical.mgr03@example.com,Health Services,Contoso Ltd
arabelladunmore@example.com,"Dunmore, Arabella G",Engineering,Platform Engineer,Engineering & IT,"Atlanta, GA",US,CC-ENGR-9639,engineering.mgr02@example.com,Technology,Contoso Ltd
corneliusellsworth@example.com,"Ellsworth, Cornelius C",Member Services,CSR,Member & Customer Support,"Nashville, TN",US,CC-MBRS-1678,member.mgr02@example.com,Health Services,Contoso Ltd
nikolaivandersloot@example.com,"Vandersloot, Nikolai K",Pharmacy Benefits,PBM Analyst,Clinical & Care,"Nashville, TN",US,CC-RXBM-7797,pharmacy.mgr02@example.com,Health Services,Contoso Ltd
reginalddarlington@example.com,"Darlington, Reginald G",Network Management,Network Analyst,Data & Analytics,"Minnetonka, MN",US,CC-NTWK-9430,network.mgr03@example.com,Health Services,Contoso Ltd
theodoradarlington@example.com,"Darlington, Theodora D",Network Management,Provider Relations,Member & Customer Support,"Phoenix, AZ",US,CC-NTWK-9430,network.mgr02@example.com,Health Services,Contoso Ltd
rosalindwollstonecraft@example.com,"Wollstonecraft, Rosalind P",IT Service Desk,Tier 1 Tech,Engineering & IT,"Minnetonka, MN",US,CC-ITSD-5368,it.mgr02@example.com,Technology,Contoso Ltd
margueritekirkpatrick2@example.com,"Kirkpatrick, Marguerite K",Clinical Operations,RN Care Manager,Clinical & Care,"Phoenix, AZ",US,CC-CLIN-6351,clinical.mgr03@example.com,Health Services,Contoso Ltd
luciusbletchley@example.com,"Bletchley, Lucius P",Member Services,Quality Analyst,Member & Customer Support,Hyderabad,IN,CC-MBRS-3434,member.mgr02@example.com,Health Services,Contoso Ltd
ambrosewollstonecraft@example.com,"Wollstonecraft, Ambrose M",Claims Processing,Recovery Specialist,Claims & Operations,"Nashville, TN",US,CC-CLMS-8440,claims.mgr01@example.com,Insurance Operations,Contoso Ltd
delphinewexford@example.com,"Wexford, Delphine H",Marketing,Content Strategist,Corporate (HR/Legal/Mktg),"Hartford, CT",US,CC-MKTG-7836,marketing.mgr03@example.com,Corporate Functions,Contoso Ltd
marloweduckworth@example.com,"Duckworth, Marlowe W",Actuarial & Underwriting,Pricing Analyst,Finance & Actuarial,"Hartford, CT",US,CC-ACTR-9631,actuarial.mgr03@example.com,Insurance Operations,Contoso Ltd
ignatiusattenborough@example.com,"Attenborough, Ignatius J",Clinical Operations,RN Care Manager,Clinical & Care,"Minnetonka, MN",US,CC-CLIN-6351,clinical.mgr03@example.com,Health Services,Contoso Ltd
casimirillingworth@example.com,"Illingworth, Casimir P",Product Management,Sr PM,Product & Program,"Hartford, CT",US,CC-PROD-5415,product.mgr03@example.com,Technology,Contoso Ltd
corwinfotheringham@example.com,"Fotheringham, Corwin S",Data & Analytics,BI Engineer,Data & Analytics,"Minnetonka, MN",US,CC-DATA-9141,data.mgr03@example.com,Technology,Contoso Ltd
bexleywexford@example.com,"Wexford, Bexley R",Clinical Operations,Care Coordinator,Clinical & Care,"Phoenix, AZ",US,CC-CLIN-6351,clinical.mgr03@example.com,Health Services,Contoso Ltd
zinniabraithwaite@example.com,"Braithwaite, Zinnia P",Network Management,Contract Negotiator,Sales & Accounts,"Nashville, TN",US,CC-NTWK-9430,network.mgr03@example.com,Health Services,Contoso Ltd
millicentpennington@example.com,"Pennington, Millicent R",Clinical Operations,RN Care Manager,Clinical & Care,"Minnetonka, MN",US,CC-CLIN-6351,clinical.mgr01@example.com,Health Services,Contoso Ltd
silvanusollivander2@example.com,"Ollivander, Silvanus H",IT Service Desk,Desktop Admin,Engineering & IT,Hyderabad,IN,CC-ITSD-8744,it.mgr03@example.com,Technology,Contoso Ltd
beatrixunderhill@example.com,"Underhill, Beatrix W",Sales (Employer Group),Sales Engineer,Sales & Accounts,"Phoenix, AZ",US,CC-SLES-1836,sales.mgr03@example.com,Corporate Functions,Contoso Ltd
leopoldjorgensen@example.com,"Jorgensen, Leopold K",Claims Processing,Claims Examiner,Claims & Operations,Manila,PH,CC-CLMS-9685,claims.mgr03@example.com,Insurance Operations,Contoso Ltd
fitzgeraldfairbanks@example.com,"Fairbanks, Fitzgerald J",Data & Analytics,BI Engineer,Data & Analytics,"Hartford, CT",US,CC-DATA-9141,data.mgr03@example.com,Technology,Contoso Ltd
calanthenorthcote@example.com,"Northcote, Calanthe M",Member Services,Quality Analyst,Member & Customer Support,"Minnetonka, MN",US,CC-MBRS-1678,member.mgr02@example.com,Health Services,Contoso Ltd
evangelinetrelawney@example.com,"Trelawney, Evangeline W",Member Services,Quality Analyst,Member & Customer Support,"Atlanta, GA",US,CC-MBRS-1678,member.mgr01@example.com,Health Services,Contoso Ltd
antigoneockendon@example.com,"Ockendon, Antigone J",Member Services,Quality Analyst,Member & Customer Support,"Nashville, TN",US,CC-MBRS-1678,member.mgr03@example.com,Health Services,Contoso Ltd
evangelinefotheringham@example.com,"Fotheringham, Evangeline M",Pharmacy Benefits,PBM Analyst,Clinical & Care,"Atlanta, GA",US,CC-RXBM-7797,pharmacy.mgr01@example.com,Health Services,Contoso Ltd
evangelinesatterthwaite@example.com,"Satterthwaite, Evangeline B",Engineering,Eng Manager,Management & Leadership,Hyderabad,IN,CC-ENGR-3318,engineering.mgr01@example.com,Technology,Contoso Ltd
nikolaivandersloot2@example.com,"Vandersloot, Nikolai E",IT Service Desk,Tier 2 Tech,Engineering & IT,"Atlanta, GA",US,CC-ITSD-5368,it.mgr03@example.com,Technology,Contoso Ltd
solveigmerriweather@example.com,"Merriweather, Solveig A",Product Management,PM,Product & Program,"Hartford, CT",US,CC-PROD-5415,product.mgr02@example.com,Technology,Contoso Ltd
georgianazabrowski@example.com,"Zabrowski, Georgiana G",Member Services,Escalations Lead,Member & Customer Support,Manila,PH,CC-MBRS-8205,member.mgr02@example.com,Health Services,Contoso Ltd
veritygalbraith@example.com,"Galbraith, Verity G",Clinical Operations,Clinical Analyst,Clinical & Care,"Atlanta, GA",US,CC-CLIN-6351,clinical.mgr02@example.com,Health Services,Contoso Ltd
ottilievandersloot@example.com,"Vandersloot, Ottilie S",Claims Processing,Recovery Specialist,Claims & Operations,"Nashville, TN",US,CC-CLMS-8440,claims.mgr03@example.com,Insurance Operations,Contoso Ltd
balthazaroxenford@example.com,"Oxenford, Balthazar P",Finance,Accountant,Finance & Actuarial,"Phoenix, AZ",US,CC-FINX-3369,finance.mgr01@example.com,Corporate Functions,Contoso Ltd
torstenjorgensen@example.com,"Jorgensen, Torsten A",Pharmacy Benefits,PBM Analyst,Clinical & Care,"Atlanta, GA",US,CC-RXBM-7797,pharmacy.mgr01@example.com,Health Services,Contoso Ltd
wendelinecrenshaw@example.com,"Crenshaw, Wendeline S",Engineering,Platform Engineer,Engineering & IT,"Hartford, CT",US,CC-ENGR-9639,engineering.mgr03@example.com,Technology,Contoso Ltd
calanthequigley@example.com,"Quigley, Calanthe E",Clinical Operations,Clinical Analyst,Clinical & Care,Dublin,IE,CC-CLIN-6316,clinical.mgr03@example.com,Health Services,Contoso Ltd
cosimaquennell@example.com,"Quennell, Cosima R",Claims Processing,Claims Auditor,Claims & Operations,Hyderabad,IN,CC-CLMS-5672,claims.mgr03@example.com,Insurance Operations,Contoso Ltd
thibaultlindqvist@example.com,"Lindqvist, Thibault B",Claims Processing,Recovery Specialist,Claims & Operations,"Minnetonka, MN",US,CC-CLMS-8440,claims.mgr01@example.com,Insurance Operations,Contoso Ltd
persephonehawthorne@example.com,"Hawthorne, Persephone W",Clinical Operations,Clinical Analyst,Clinical & Care,"Minnetonka, MN",US,CC-CLIN-6351,clinical.mgr01@example.com,Health Services,Contoso Ltd
leopolduxbridge@example.com,"Uxbridge, Leopold D",Sales (Employer Group),Sales Engineer,Sales & Accounts,"Nashville, TN",US,CC-SLES-1836,sales.mgr01@example.com,Corporate Functions,Contoso Ltd
lachlanstroganov@example.com,"Stroganov, Lachlan P",Claims Processing,Claims Examiner,Claims & Operations,Bengaluru,IN,CC-CLMS-5672,claims.mgr01@example.com,Insurance Operations,Contoso Ltd
isoldeeverhart@example.com,"Everhart, Isolde F",Claims Processing,Claims Examiner,Claims & Operations,"Atlanta, GA",US,CC-CLMS-8440,claims.mgr02@example.com,Insurance Operations,Contoso Ltd
ottolinehollingsworth@example.com,"Hollingsworth, Ottoline K",IT Service Desk,Desktop Admin,Engineering & IT,"Nashville, TN",US,CC-ITSD-5368,it.mgr02@example.com,Technology,Contoso Ltd
isoldetremaine@example.com,"Tremaine, Isolde K",Network Management,Contract Negotiator,Sales & Accounts,"Nashville, TN",US,CC-NTWK-9430,network.mgr01@example.com,Health Services,Contoso Ltd
raffertyrosewarne@example.com,"Rosewarne, Rafferty R",Human Resources,Comp Analyst,Corporate (HR/Legal/Mktg),"Hartford, CT",US,CC-HRXX-9770,human.mgr02@example.com,Corporate Functions,Contoso Ltd
bexleybletchley@example.com,"Bletchley, Bexley W",Member Services,Quality Analyst,Member & Customer Support,"Phoenix, AZ",US,CC-MBRS-1678,member.mgr03@example.com,Health Services,Contoso Ltd
octavianainsworth@example.com,"Ainsworth, Octavian F",IT Service Desk,Tier 1 Tech,Engineering & IT,"Nashville, TN",US,CC-ITSD-5368,it.mgr01@example.com,Technology,Contoso Ltd
ignatiusquigley@example.com,"Quigley, Ignatius L",Clinical Operations,Clinical Analyst,Clinical & Care,"Atlanta, GA",US,CC-CLIN-6351,clinical.mgr01@example.com,Health Services,Contoso Ltd
zephyrineunderhill@example.com,"Underhill, Zephyrine D",Claims Processing,Recovery Specialist,Claims & Operations,"Atlanta, GA",US,CC-CLMS-8440,claims.mgr01@example.com,Insurance Operations,Contoso Ltd
marloweblackwood2@example.com,"Blackwood, Marlowe G",Member Services,Escalations Lead,Member & Customer Support,Hyderabad,IN,CC-MBRS-3434,member.mgr03@example.com,Health Services,Contoso Ltd
silvanusulverston@example.com,"Ulverston, Silvanus N",Claims Processing,Recovery Specialist,Claims & Operations,"Hartford, CT",US,CC-CLMS-8440,claims.mgr03@example.com,Insurance Operations,Contoso Ltd
balthazarsatterthwaite@example.com,"Satterthwaite, Balthazar S",Actuarial & Underwriting,Pricing Analyst,Finance & Actuarial,"Nashville, TN",US,CC-ACTR-9631,actuarial.mgr01@example.com,Insurance Operations,Contoso Ltd
bramwellabernathy@example.com,"Abernathy, Bramwell T",Network Management,Provider Relations,Member & Customer Support,"Hartford, CT",US,CC-NTWK-9430,network.mgr02@example.com,Health Services,Contoso Ltd
dashiellrosewarne@example.com,"Rosewarne, Dashiell C",Sales (Employer Group),Account Executive,Sales & Accounts,"Hartford, CT",US,CC-SLES-1836,sales.mgr01@example.com,Corporate Functions,Contoso Ltd
torstengodfrey@example.com,"Godfrey, Torsten B",Network Management,Contract Negotiator,Sales & Accounts,"Atlanta, GA",US,CC-NTWK-9430,network.mgr01@example.com,Health Services,Contoso Ltd
balthazargrimsby@example.com,"Grimsby, Balthazar B",Member Services,Escalations Lead,Member & Customer Support,Bengaluru,IN,CC-MBRS-3434,member.mgr03@example.com,Health Services,Contoso Ltd
hesperwetherby@example.com,"Wetherby, Hesper K",Clinical Operations,Clinical Analyst,Clinical & Care,"Atlanta, GA",US,CC-CLIN-6351,clinical.mgr02@example.com,Health Services,Contoso Ltd
lysandereverhart@example.com,"Everhart, Lysander L",Member Services,Escalations Lead,Member & Customer Support,"Hartford, CT",US,CC-MBRS-1678,member.mgr03@example.com,Health Services,Contoso Ltd
yorickjorgensen@example.com,"Jorgensen, Yorick A",Data & Analytics,BI Engineer,Data & Analytics,Hyderabad,IN,CC-DATA-2363,data.mgr03@example.com,Technology,Contoso Ltd
montgomerycarmichael2@example.com,"Carmichael, Montgomery G",Engineering,Platform Engineer,Engineering & IT,"Minnetonka, MN",US,CC-ENGR-9639,engineering.mgr02@example.com,Technology,Contoso Ltd
wilhelminarutherford@example.com,"Rutherford, Wilhelmina K",Finance,FP&A Manager,Finance & Actuarial,"Nashville, TN",US,CC-FINX-3369,finance.mgr01@example.com,Corporate Functions,Contoso Ltd
bexleynorthcote@example.com,"Northcote, Bexley K",Claims Processing,Claims Examiner,Claims & Operations,"Minnetonka, MN",US,CC-CLMS-8440,claims.mgr02@example.com,Insurance Operations,Contoso Ltd
leopoldsinclair@example.com,"Sinclair, Leopold P",Pharmacy Benefits,Pharmacy Tech,Clinical & Care,"Phoenix, AZ",US,CC-RXBM-7797,pharmacy.mgr02@example.com,Health Services,Contoso Ltd
dashiellkirkpatrick@example.com,"Kirkpatrick, Dashiell S",Claims Processing,Recovery Specialist,Claims & Operations,"Nashville, TN",US,CC-CLMS-8440,claims.mgr02@example.com,Insurance Operations,Contoso Ltd
thaddeusedgecombe@example.com,"Edgecombe, Thaddeus C",Sales (Employer Group),Account Executive,Sales & Accounts,"Atlanta, GA",US,CC-SLES-1836,sales.mgr02@example.com,Corporate Functions,Contoso Ltd
wendelinestroganov@example.com,"Stroganov, Wendeline H",Human Resources,Recruiter,Corporate (HR/Legal/Mktg),"Nashville, TN",US,CC-HRXX-9770,human.mgr02@example.com,Corporate Functions,Contoso Ltd
raffertyjessamine@example.com,"Jessamine, Rafferty N",Marketing,Brand Lead,Corporate (HR/Legal/Mktg),"Atlanta, GA",US,CC-MKTG-7836,marketing.mgr01@example.com,Corporate Functions,Contoso Ltd
raffertykirkpatrick@example.com,"Kirkpatrick, Rafferty N",Claims Processing,Claims Auditor,Claims & Operations,"Nashville, TN",US,CC-CLMS-8440,claims.mgr02@example.com,Insurance Operations,Contoso Ltd
endellionlocksley@example.com,"Locksley, Endellion N",Member Services,Escalations Lead,Member & Customer Support,"Phoenix, AZ",US,CC-MBRS-1678,member.mgr01@example.com,Health Services,Contoso Ltd
bartholomewnethercott@example.com,"Nethercott, Bartholomew E",Data & Analytics,Data Analyst,Data & Analytics,"Atlanta, GA",US,CC-DATA-9141,data.mgr02@example.com,Technology,Contoso Ltd
wilhelminarosewarne@example.com,"Rosewarne, Wilhelmina J",Clinical Operations,Clinical Analyst,Clinical & Care,"Phoenix, AZ",US,CC-CLIN-6351,clinical.mgr01@example.com,Health Services,Contoso Ltd
zinniaravenscroft@example.com,"Ravenscroft, Zinnia K",Sales (Employer Group),Account Executive,Sales & Accounts,"Nashville, TN",US,CC-SLES-1836,sales.mgr01@example.com,Corporate Functions,Contoso Ltd
ferdinandeverhart@example.com,"Everhart, Ferdinand L",Engineering,SRE,Engineering & IT,Hyderabad,IN,CC-ENGR-3318,engineering.mgr02@example.com,Technology,Contoso Ltd
balthazarellsworth@example.com,"Ellsworth, Balthazar H",IT Service Desk,Tier 1 Tech,Engineering & IT,Bengaluru,IN,CC-ITSD-8744,it.mgr01@example.com,Technology,Contoso Ltd
beatrixbeaumont@example.com,"Beaumont, Beatrix R",Clinical Operations,Clinical Analyst,Clinical & Care,"Phoenix, AZ",US,CC-CLIN-6351,clinical.mgr03@example.com,Health Services,Contoso Ltd
viviennehollingsworth@example.com,"Hollingsworth, Vivienne T",Data & Analytics,Data Scientist,Data & Analytics,"Minnetonka, MN",US,CC-DATA-9141,data.mgr02@example.com,Technology,Contoso Ltd
fitzgeraldoxenford@example.com,"Oxenford, Fitzgerald J",IT Service Desk,Desktop Admin,Engineering & IT,Manila,PH,CC-ITSD-8003,it.mgr01@example.com,Technology,Contoso Ltd
seraphinamowbray@example.com,"Mowbray, Seraphina J",Member Services,CSR,Member & Customer Support,"Hartford, CT",US,CC-MBRS-1678,member.mgr02@example.com,Health Services,Contoso Ltd
percycarmichael@example.com,"Carmichael, Percy K",Claims Processing,Recovery Specialist,Claims & Operations,"Hartford, CT",US,CC-CLMS-8440,claims.mgr02@example.com,Insurance Operations,Contoso Ltd
torstenpennington@example.com,"Pennington, Torsten N",Clinical Operations,Clinical Analyst,Clinical & Care,"Hartford, CT",US,CC-CLIN-6351,clinical.mgr02@example.com,Health Services,Contoso Ltd
corwinnethercott2@example.com,"Nethercott, Corwin W",Claims Processing,Recovery Specialist,Claims & Operations,"Nashville, TN",US,CC-CLMS-8440,claims.mgr01@example.com,Insurance Operations,Contoso Ltd
genevieveainsworth@example.com,"Ainsworth, Genevieve B",Network Management,Provider Relations,Member & Customer Support,"Hartford, CT",US,CC-NTWK-9430,network.mgr02@example.com,Health Services,Contoso Ltd
luciuskirkpatrick@example.com,"Kirkpatrick, Lucius A",Pharmacy Benefits,Pharmacy Tech,Clinical & Care,"Phoenix, AZ",US,CC-RXBM-7797,pharmacy.mgr02@example.com,Health Services,Contoso Ltd
everardulverston@example.com,"Ulverston, Everard T",Clinical Operations,RN Care Manager,Clinical & Care,"Hartford, CT",US,CC-CLIN-6351,clinical.mgr01@example.com,Health Services,Contoso Ltd
theodoranethercott@example.com,"Nethercott, Theodora P",IT Service Desk,Tier 1 Tech,Engineering & IT,Manila,PH,CC-ITSD-8003,it.mgr02@example.com,Technology,Contoso Ltd
horationethercott@example.com,"Nethercott, Horatio E",Marketing,Brand Lead,Corporate (HR/Legal/Mktg),"Atlanta, GA",US,CC-MKTG-7836,marketing.mgr02@example.com,Corporate Functions,Contoso Ltd
percivallocksley2@example.com,"Locksley, Percival D",Member Services,CSR,Member & Customer Support,"Atlanta, GA",US,CC-MBRS-1678,member.mgr01@example.com,Health Services,Contoso Ltd
thibaultockendon@example.com,"Ockendon, Thibault F",Claims Processing,Recovery Specialist,Claims & Operations,"Hartford, CT",US,CC-CLMS-8440,claims.mgr03@example.com,Insurance Operations,Contoso Ltd
zinniacarmichael@example.com,"Carmichael, Zinnia M",Data & Analytics,ML Engineer,Data & Analytics,"Minnetonka, MN",US,CC-DATA-9141,data.mgr01@example.com,Technology,Contoso Ltd
antigonejankowski@example.com,"Jankowski, Antigone R",Claims Processing,Recovery Specialist,Claims & Operations,"Phoenix, AZ",US,CC-CLMS-8440,claims.mgr02@example.com,Insurance Operations,Contoso Ltd
lysanderillingworth@example.com,"Illingworth, Lysander P",Clinical Operations,Clinical Analyst,Clinical & Care,"Phoenix, AZ",US,CC-CLIN-6351,clinical.mgr02@example.com,Health Services,Contoso Ltd
millicentellsworth@example.com,"Ellsworth, Millicent G",Pharmacy Benefits,Formulary Specialist,Clinical & Care,"Hartford, CT",US,CC-RXBM-7797,pharmacy.mgr03@example.com,Health Services,Contoso Ltd
henriettahawthorne@example.com,"Hawthorne, Henrietta P",Sales (Employer Group),Renewal Manager,Sales & Accounts,"Nashville, TN",US,CC-SLES-1836,sales.mgr01@example.com,Corporate Functions,Contoso Ltd
ambrosekensington@example.com,"Kensington, Ambrose H",Marketing,Marketing Manager,Corporate (HR/Legal/Mktg),"Phoenix, AZ",US,CC-MKTG-7836,marketing.mgr02@example.com,Corporate Functions,Contoso Ltd
lysanderblackwood@example.com,"Blackwood, Lysander G",Government Programs,Policy Analyst,Claims & Operations,"Minnetonka, MN",US,CC-GOVT-6906,government.mgr02@example.com,Insurance Operations,Contoso Ltd
persephonedarlington2@example.com,"Darlington, Persephone J",Claims Processing,Claims Auditor,Claims & Operations,"Minnetonka, MN",US,CC-CLMS-8440,claims.mgr01@example.com,Insurance Operations,Contoso Ltd
silvanusunderhill@example.com,"Underhill, Silvanus D",Member Services,CSR,Member & Customer Support,Bengaluru,IN,CC-MBRS-3434,member.mgr03@example.com,Health Services,Contoso Ltd
veritysinclair@example.com,"Sinclair, Verity E",Data & Analytics,Data Scientist,Data & Analytics,"Phoenix, AZ",US,CC-DATA-9141,data.mgr01@example.com,Technology,Contoso Ltd
ulyssacadwallader@example.com,"Cadwallader, Ulyssa P",Engineering,Eng Manager,Management & Leadership,"Minnetonka, MN",US,CC-ENGR-9639,engineering.mgr02@example.com,Technology,Contoso Ltd
percivalkirkpatrick@example.com,"Kirkpatrick, Percival B",IT Service Desk,Desktop Admin,Engineering & IT,"Minnetonka, MN",US,CC-ITSD-5368,it.mgr02@example.com,Technology,Contoso Ltd
millicentlindqvist@example.com,"Lindqvist, Millicent H",Member Services,Quality Analyst,Member & Customer Support,"Phoenix, AZ",US,CC-MBRS-1678,member.mgr02@example.com,Health Services,Contoso Ltd
rosamundravenscroft@example.com,"Ravenscroft, Rosamund N",IT Service Desk,Tier 2 Tech,Engineering & IT,"Nashville, TN",US,CC-ITSD-5368,it.mgr01@example.com,Technology,Contoso Ltd
solveigunderhill@example.com,"Underhill, Solveig W",Sales (Employer Group),Sales Engineer,Sales & Accounts,"Minnetonka, MN",US,CC-SLES-1836,sales.mgr03@example.com,Corporate Functions,Contoso Ltd
cosimazabrowski@example.com,"Zabrowski, Cosima T",Pharmacy Benefits,PBM Analyst,Clinical & Care,"Nashville, TN",US,CC-RXBM-7797,pharmacy.mgr02@example.com,Health Services,Contoso Ltd
marlowetremaine@example.com,"Tremaine, Marlowe S",Data & Analytics,BI Engineer,Data & Analytics,"Nashville, TN",US,CC-DATA-9141,data.mgr03@example.com,Technology,Contoso Ltd
silvanusrosewarne@example.com,"Rosewarne, Silvanus A",Actuarial & Underwriting,Underwriter,Finance & Actuarial,"Nashville, TN",US,CC-ACTR-9631,actuarial.mgr02@example.com,Insurance Operations,Contoso Ltd
silvanusellsworth@example.com,"Ellsworth, Silvanus C",Product Management,Sr PM,Product & Program,"Atlanta, GA",US,CC-PROD-5415,product.mgr01@example.com,Technology,Contoso Ltd
zinniajorgensen@example.com,"Jorgensen, Zinnia L",Data & Analytics,ML Engineer,Data & Analytics,"Minnetonka, MN",US,CC-DATA-9141,data.mgr02@example.com,Technology,Contoso Ltd
cassianellsworth@example.com,"Ellsworth, Cassian P",Member Services,Escalations Lead,Member & Customer Support,"Phoenix, AZ",US,CC-MBRS-1678,member.mgr03@example.com,Health Services,Contoso Ltd
bexleyzabrowski@example.com,"Zabrowski, Bexley B",Product Management,PM,Product & Program,"Minnetonka, MN",US,CC-PROD-5415,product.mgr01@example.com,Technology,Contoso Ltd
philippacadwallader@example.com,"Cadwallader, Philippa E",Data & Analytics,Data Analyst,Data & Analytics,Hyderabad,IN,CC-DATA-2363,data.mgr02@example.com,Technology,Contoso Ltd
percyyardley@example.com,"Yardley, Percy K",Member Services,Escalations Lead,Member & Customer Support,"Minnetonka, MN",US,CC-MBRS-1678,member.mgr01@example.com,Health Services,Contoso Ltd
ambroseduckworth@example.com,"Duckworth, Ambrose G",Sales (Employer Group),Account Executive,Sales & Accounts,"Atlanta, GA",US,CC-SLES-1836,sales.mgr03@example.com,Corporate Functions,Contoso Ltd
octavianlindqvist@example.com,"Lindqvist, Octavian B",Pharmacy Benefits,Pharmacy Tech,Clinical & Care,"Atlanta, GA",US,CC-RXBM-7797,pharmacy.mgr03@example.com,Health Services,Contoso Ltd
raffertyvoskuijlen@example.com,"Voskuijlen, Rafferty W",Member Services,Escalations Lead,Member & Customer Support,"Nashville, TN",US,CC-MBRS-1678,member.mgr01@example.com,Health Services,Contoso Ltd
georgianaivorson@example.com,"Ivorson, Georgiana L",Clinical Operations,Care Coordinator,Clinical & Care,"Phoenix, AZ",US,CC-CLIN-6351,clinical.mgr01@example.com,Health Services,Contoso Ltd
rosalindsatterthwaite2@example.com,"Satterthwaite, Rosalind P",Claims Processing,Recovery Specialist,Claims & Operations,"Minnetonka, MN",US,CC-CLMS-8440,claims.mgr02@example.com,Insurance Operations,Contoso Ltd
zephyrinelindqvist@example.com,"Lindqvist, Zephyrine H",Engineering,Software Engineer,Engineering & IT,"Minnetonka, MN",US,CC-ENGR-9639,engineering.mgr03@example.com,Technology,Contoso Ltd
margueriteyardley@example.com,"Yardley, Marguerite J",Actuarial & Underwriting,Underwriter,Finance & Actuarial,"Nashville, TN",US,CC-ACTR-9631,actuarial.mgr01@example.com,Insurance Operations,Contoso Ltd
persephonetremaine2@example.com,"Tremaine, Persephone N",Marketing,Content Strategist,Corporate (HR/Legal/Mktg),"Atlanta, GA",US,CC-MKTG-7836,marketing.mgr02@example.com,Corporate Functions,Contoso Ltd
montgomeryivorson@example.com,"Ivorson, Montgomery P",Human Resources,Recruiter,Corporate (HR/Legal/Mktg),"Hartford, CT",US,CC-HRXX-9770,human.mgr02@example.com,Corporate Functions,Contoso Ltd
zinnianethercott@example.com,"Nethercott, Zinnia G",Claims Processing,Recovery Specialist,Claims & Operations,"Atlanta, GA",US,CC-CLMS-8440,claims.mgr03@example.com,Insurance Operations,Contoso Ltd
wilhelmnorthcote@example.com,"Northcote, Wilhelm N",Pharmacy Benefits,PBM Analyst,Clinical & Care,"Hartford, CT",US,CC-RXBM-7797,pharmacy.mgr01@example.com,Health Services,Contoso Ltd
lysanderbraithwaite@example.com,"Braithwaite, Lysander D",Member Services,Quality Analyst,Member & Customer Support,"Nashville, TN",US,CC-MBRS-1678,member.mgr03@example.com,Health Services,Contoso Ltd
luciuskirkpatrick2@example.com,"Kirkpatrick, Lucius B",Engineering,Eng Manager,Management & Leadership,"Minnetonka, MN",US,CC-ENGR-9639,engineering.mgr01@example.com,Technology,Contoso Ltd
percyjessamine2@example.com,"Jessamine, Percy P",Actuarial & Underwriting,Pricing Analyst,Finance & Actuarial,"Minnetonka, MN",US,CC-ACTR-9631,actuarial.mgr03@example.com,Insurance Operations,Contoso Ltd
raffertyjessamine2@example.com,"Jessamine, Rafferty T",Claims Processing,Claims Auditor,Claims & Operations,"Hartford, CT",US,CC-CLMS-8440,claims.mgr02@example.com,Insurance Operations,Contoso Ltd
endellionkirkpatrick@example.com,"Kirkpatrick, Endellion E",Clinical Operations,Care Coordinator,Clinical & Care,Dublin,IE,CC-CLIN-6316,clinical.mgr01@example.com,Health Services,Contoso Ltd
percyeverhart@example.com,"Everhart, Percy W",Marketing,Brand Lead,Corporate (HR/Legal/Mktg),"Nashville, TN",US,CC-MKTG-7836,marketing.mgr01@example.com,Corporate Functions,Contoso Ltd
rosalindquennell@example.com,"Quennell, Rosalind N",Claims Processing,Claims Examiner,Claims & Operations,Manila,PH,CC-CLMS-9685,claims.mgr01@example.com,Insurance Operations,Contoso Ltd
wilhelmillingworth2@example.com,"Illingworth, Wilhelm M",Finance,Financial Analyst,Finance & Actuarial,"Atlanta, GA",US,CC-FINX-3369,finance.mgr03@example.com,Corporate Functions,Contoso Ltd
luciusnightingale@example.com,"Nightingale, Lucius S",Human Resources,HRBP,Corporate (HR/Legal/Mktg),"Hartford, CT",US,CC-HRXX-9770,human.mgr01@example.com,Corporate Functions,Contoso Ltd
genevieveziegler3@example.com,"Ziegler, Genevieve A",Clinical Operations,RN Care Manager,Clinical & Care,"Nashville, TN",US,CC-CLIN-6351,clinical.mgr01@example.com,Health Services,Contoso Ltd
beatrixpembrooke@example.com,"Pembrooke, Beatrix J",Member Services,Quality Analyst,Member & Customer Support,"Hartford, CT",US,CC-MBRS-1678,member.mgr03@example.com,Health Services,Contoso Ltd
henriettaulverston@example.com,"Ulverston, Henrietta L",Network Management,Network Analyst,Data & Analytics,"Minnetonka, MN",US,CC-NTWK-9430,network.mgr02@example.com,Health Services,Contoso Ltd
seraphinafotheringham@example.com,"Fotheringham, Seraphina N",Finance,Financial Analyst,Finance & Actuarial,"Atlanta, GA",US,CC-FINX-3369,finance.mgr01@example.com,Corporate Functions,Contoso Ltd
beatrixjankowski@example.com,"Jankowski, Beatrix R",Clinical Operations,Clinical Analyst,Clinical & Care,"Hartford, CT",US,CC-CLIN-6351,clinical.mgr01@example.com,Health Services,Contoso Ltd
silvanuskettering@example.com,"Kettering, Silvanus H",IT Service Desk,Tier 1 Tech,Engineering & IT,Manila,PH,CC-ITSD-8003,it.mgr03@example.com,Technology,Contoso Ltd
luciusthornbury@example.com,"Thornbury, Lucius S",Human Resources,Comp Analyst,Corporate (HR/Legal/Mktg),"Hartford, CT",US,CC-HRXX-9770,human.mgr02@example.com,Corporate Functions,Contoso Ltd
antigoneattenborough@example.com,"Attenborough, Antigone S",Human Resources,Recruiter,Corporate (HR/Legal/Mktg),"Atlanta, GA",US,CC-HRXX-9770,human.mgr03@example.com,Corporate Functions,Contoso Ltd
peregrinejessamine@example.com,"Jessamine, Peregrine J",Government Programs,Policy Analyst,Claims & Operations,"Nashville, TN",US,CC-GOVT-6906,government.mgr01@example.com,Insurance Operations,Contoso Ltd
wendelineollivander@example.com,"Ollivander, Wendeline G",Member Services,CSR,Member & Customer Support,"Minnetonka, MN",US,CC-MBRS-1678,member.mgr02@example.com,Health Services,Contoso Ltd
lysandereverhart2@example.com,"Everhart, Lysander P",Data & Analytics,BI Engineer,Data & Analytics,"Hartford, CT",US,CC-DATA-9141,data.mgr03@example.com,Technology,Contoso Ltd
ottilietrelawney@example.com,"Trelawney, Ottilie H",Clinical Operations,Clinical Analyst,Clinical & Care,"Nashville, TN",US,CC-CLIN-6351,clinical.mgr03@example.com,Health Services,Contoso Ltd
cassiankensington@example.com,"Kensington, Cassian D",IT Service Desk,Desktop Admin,Engineering & IT,"Phoenix, AZ",US,CC-ITSD-5368,it.mgr03@example.com,Technology,Contoso Ltd
thaddeuswetherby2@example.com,"Wetherby, Thaddeus H",Actuarial & Underwriting,Actuary,Finance & Actuarial,"Minnetonka, MN",US,CC-ACTR-9631,actuarial.mgr03@example.com,Insurance Operations,Contoso Ltd
corneliuseverhart@example.com,"Everhart, Cornelius C",Marketing,Content Strategist,Corporate (HR/Legal/Mktg),"Hartford, CT",US,CC-MKTG-7836,marketing.mgr03@example.com,Corporate Functions,Contoso Ltd
margueritekirkpatrick@example.com,"Kirkpatrick, Marguerite C",IT Service Desk,Tier 2 Tech,Engineering & IT,Bengaluru,IN,CC-ITSD-8744,it.mgr03@example.com,Technology,Contoso Ltd
dashiellinglethorpe@example.com,"Inglethorpe, Dashiell W",Network Management,Contract Negotiator,Sales & Accounts,"Phoenix, AZ",US,CC-NTWK-9430,network.mgr01@example.com,Health Services,Contoso Ltd
hespermarchetti@example.com,"Marchetti, Hesper K",IT Service Desk,Tier 2 Tech,Engineering & IT,Bengaluru,IN,CC-ITSD-8744,it.mgr03@example.com,Technology,Contoso Ltd
georgianayelverton@example.com,"Yelverton, Georgiana M",Member Services,Quality Analyst,Member & Customer Support,Hyderabad,IN,CC-MBRS-3434,member.mgr02@example.com,Health Services,Contoso Ltd
persephonenethercott@example.com,"Nethercott, Persephone L",Member Services,Quality Analyst,Member & Customer Support,Manila,PH,CC-MBRS-8205,member.mgr01@example.com,Health Services,Contoso Ltd
wendelinelindqvist@example.com,"Lindqvist, Wendeline M",Actuarial & Underwriting,Underwriter,Finance & Actuarial,Dublin,IE,CC-ACTR-7125,actuarial.mgr02@example.com,Insurance Operations,Contoso Ltd
zinnianethercott2@example.com,"Nethercott, Zinnia D",Actuarial & Underwriting,Underwriter,Finance & Actuarial,"Nashville, TN",US,CC-ACTR-9631,actuarial.mgr02@example.com,Insurance Operations,Contoso Ltd
solveiggalbraith@example.com,"Galbraith, Solveig W",Clinical Operations,Care Coordinator,Clinical & Care,"Minnetonka, MN",US,CC-CLIN-6351,clinical.mgr01@example.com,Health Services,Contoso Ltd
genevieveoxenford3@example.com,"Oxenford, Genevieve R",Engineering,Eng Manager,Management & Leadership,Bengaluru,IN,CC-ENGR-3318,engineering.mgr02@example.com,Technology,Contoso Ltd
xantheduckworth@example.com,"Duckworth, Xanthe S",IT Service Desk,Desktop Admin,Engineering & IT,"Nashville, TN",US,CC-ITSD-5368,it.mgr02@example.com,Technology,Contoso Ltd
raffertylattimore@example.com,"Lattimore, Rafferty P",Sales (Employer Group),Sales Engineer,Sales & Accounts,"Nashville, TN",US,CC-SLES-1836,sales.mgr01@example.com,Corporate Functions,Contoso Ltd
ottilieinglethorpe@example.com,"Inglethorpe, Ottilie H",Government Programs,Policy Analyst,Claims & Operations,"Atlanta, GA",US,CC-GOVT-6906,government.mgr01@example.com,Insurance Operations,Contoso Ltd
corwincholmondeley@example.com,"Cholmondeley, Corwin B",Clinical Operations,Care Coordinator,Clinical & Care,Dublin,IE,CC-CLIN-6316,clinical.mgr02@example.com,Health Services,Contoso Ltd
percyillingworth@example.com,"Illingworth, Percy T",Pharmacy Benefits,Formulary Specialist,Clinical & Care,"Hartford, CT",US,CC-RXBM-7797,pharmacy.mgr01@example.com,Health Services,Contoso Ltd
cosimawollstonecraft@example.com,"Wollstonecraft, Cosima J",Member Services,Quality Analyst,Member & Customer Support,"Nashville, TN",US,CC-MBRS-1678,member.mgr01@example.com,Health Services,Contoso Ltd
ulyssaashworth@example.com,"Ashworth, Ulyssa W",Clinical Operations,Care Coordinator,Clinical & Care,"Atlanta, GA",US,CC-CLIN-6351,clinical.mgr02@example.com,Health Services,Contoso Ltd
montgomerymarchetti@example.com,"Marchetti, Montgomery R",IT Service Desk,Desktop Admin,Engineering & IT,"Atlanta, GA",US,CC-ITSD-5368,it.mgr02@example.com,Technology,Contoso Ltd
emmerichquigley@example.com,"Quigley, Emmerich N",Clinical Operations,RN Care Manager,Clinical & Care,"Minnetonka, MN",US,CC-CLIN-6351,clinical.mgr01@example.com,Health Services,Contoso Ltd
lachlannightingale@example.com,"Nightingale, Lachlan T",Pharmacy Benefits,Pharmacy Tech,Clinical & Care,"Minnetonka, MN",US,CC-RXBM-7797,pharmacy.mgr03@example.com,Health Services,Contoso Ltd
ignatiussinclair@example.com,"Sinclair, Ignatius C",Government Programs,Policy Analyst,Claims & Operations,"Hartford, CT",US,CC-GOVT-6906,government.mgr02@example.com,Insurance Operations,Contoso Ltd
persephonethornbury@example.com,"Thornbury, Persephone G",Actuarial & Underwriting,Actuary,Finance & Actuarial,"Nashville, TN",US,CC-ACTR-9631,actuarial.mgr01@example.com,Insurance Operations,Contoso Ltd
ottiliekensington@example.com,"Kensington, Ottilie L",IT Service Desk,Tier 2 Tech,Engineering & IT,Manila,PH,CC-ITSD-8003,it.mgr03@example.com,Technology,Contoso Ltd
wilhelminaprendergast@example.com,"Prendergast, Wilhelmina R",Clinical Operations,Clinical Analyst,Clinical & Care,"Nashville, TN",US,CC-CLIN-6351,clinical.mgr01@example.com,Health Services,Contoso Ltd
theodoragalbraith@example.com,"Galbraith, Theodora F",Actuarial & Underwriting,Pricing Analyst,Finance & Actuarial,"Nashville, TN",US,CC-ACTR-9631,actuarial.mgr02@example.com,Insurance Operations,Contoso Ltd
marisoleulverston@example.com,"Ulverston, Marisole M",Network Management,Network Analyst,Data & Analytics,"Minnetonka, MN",US,CC-NTWK-9430,network.mgr03@example.com,Health Services,Contoso Ltd
delphinekirkpatrick@example.com,"Kirkpatrick, Delphine T",Engineering,SRE,Engineering & IT,"Atlanta, GA",US,CC-ENGR-9639,engineering.mgr02@example.com,Technology,Contoso Ltd
hespervoskuijlen@example.com,"Voskuijlen, Hesper J",Finance,Financial Analyst,Finance & Actuarial,"Minnetonka, MN",US,CC-FINX-3369,finance.mgr01@example.com,Corporate Functions,Contoso Ltd
thaddeusunderhill2@example.com,"Underhill, Thaddeus D",Claims Processing,Claims Examiner,Claims & Operations,"Atlanta, GA",US,CC-CLMS-8440,claims.mgr02@example.com,Insurance Operations,Contoso Ltd
ignatiusprendergast@example.com,"Prendergast, Ignatius E",Claims Processing,Claims Auditor,Claims & Operations,"Phoenix, AZ",US,CC-CLMS-8440,claims.mgr01@example.com,Insurance Operations,Contoso Ltd
dashiellivorson@example.com,"Ivorson, Dashiell J",Member Services,Escalations Lead,Member & Customer Support,"Hartford, CT",US,CC-MBRS-1678,member.mgr02@example.com,Health Services,Contoso Ltd
philippacadwallader2@example.com,"Cadwallader, Philippa K",Network Management,Provider Relations,Member & Customer Support,"Atlanta, GA",US,CC-NTWK-9430,network.mgr01@example.com,Health Services,Contoso Ltd
casimirpennington@example.com,"Pennington, Casimir F",Member Services,Escalations Lead,Member & Customer Support,Manila,PH,CC-MBRS-8205,member.mgr03@example.com,Health Services,Contoso Ltd
everardhollingsworth@example.com,"Hollingsworth, Everard W",Finance,Accountant,Finance & Actuarial,"Hartford, CT",US,CC-FINX-3369,finance.mgr03@example.com,Corporate Functions,Contoso Ltd
luciuslattimore@example.com,"Lattimore, Lucius C",Product Management,PM,Product & Program,"Hartford, CT",US,CC-PROD-5415,product.mgr03@example.com,Technology,Contoso Ltd
philippaainsworth3@example.com,"Ainsworth, Philippa N",Data & Analytics,Data Scientist,Data & Analytics,"Nashville, TN",US,CC-DATA-9141,data.mgr03@example.com,Technology,Contoso Ltd
ottilieockendon@example.com,"Ockendon, Ottilie N",Engineering,SRE,Engineering & IT,"Atlanta, GA",US,CC-ENGR-9639,engineering.mgr02@example.com,Technology,Contoso Ltd
ottilieellsworth@example.com,"Ellsworth, Ottilie G",Pharmacy Benefits,Pharmacy Tech,Clinical & Care,"Hartford, CT",US,CC-RXBM-7797,pharmacy.mgr02@example.com,Health Services,Contoso Ltd
endelliondunmore@example.com,"Dunmore, Endellion E",Engineering,Software Engineer,Engineering & IT,Hyderabad,IN,CC-ENGR-3318,engineering.mgr01@example.com,Technology,Contoso Ltd
rosalindjankowski@example.com,"Jankowski, Rosalind F",Member Services,Escalations Lead,Member & Customer Support,"Minnetonka, MN",US,CC-MBRS-1678,member.mgr01@example.com,Health Services,Contoso Ltd
verityjankowski2@example.com,"Jankowski, Verity R",Claims Processing,Claims Examiner,Claims & Operations,"Atlanta, GA",US,CC-CLMS-8440,claims.mgr03@example.com,Insurance Operations,Contoso Ltd
bexleynethercott@example.com,"Nethercott, Bexley W",Actuarial & Underwriting,Pricing Analyst,Finance & Actuarial,"Atlanta, GA",US,CC-ACTR-9631,actuarial.mgr02@example.com,Insurance Operations,Contoso Ltd
silvanusollivander@example.com,"Ollivander, Silvanus R",Member Services,CSR,Member & Customer Support,"Phoenix, AZ",US,CC-MBRS-1678,member.mgr03@example.com,Health Services,Contoso Ltd
silvanustremaine@example.com,"Tremaine, Silvanus M",Actuarial & Underwriting,Underwriter,Finance & Actuarial,"Atlanta, GA",US,CC-ACTR-9631,actuarial.mgr02@example.com,Insurance Operations,Contoso Ltd
rosamundkirkpatrick@example.com,"Kirkpatrick, Rosamund C",Claims Processing,Claims Auditor,Claims & Operations,Manila,PH,CC-CLMS-9685,claims.mgr02@example.com,Insurance Operations,Contoso Ltd
peregrinezabrowski@example.com,"Zabrowski, Peregrine W",Engineering,Software Engineer,Engineering & IT,"Nashville, TN",US,CC-ENGR-9639,engineering.mgr03@example.com,Technology,Contoso Ltd
henriettamerriweather@example.com,"Merriweather, Henrietta P",Data & Analytics,Data Analyst,Data & Analytics,"Minnetonka, MN",US,CC-DATA-9141,data.mgr03@example.com,Technology,Contoso Ltd
xanthesinclair@example.com,"Sinclair, Xanthe J",Engineering,Eng Manager,Management & Leadership,Bengaluru,IN,CC-ENGR-3318,engineering.mgr01@example.com,Technology,Contoso Ltd
marloweinglethorpe@example.com,"Inglethorpe, Marlowe P",Pharmacy Benefits,Formulary Specialist,Clinical & Care,"Hartford, CT",US,CC-RXBM-7797,pharmacy.mgr01@example.com,Health Services,Contoso Ltd
barnabyhollingsworth@example.com,"Hollingsworth, Barnaby M",Claims Processing,Claims Auditor,Claims & Operations,"Phoenix, AZ",US,CC-CLMS-8440,claims.mgr02@example.com,Insurance Operations,Contoso Ltd
wendelinejankowski@example.com,"Jankowski, Wendeline T",Government Programs,Policy Analyst,Claims & Operations,"Hartford, CT",US,CC-GOVT-6906,government.mgr01@example.com,Insurance Operations,Contoso Ltd
reginaldivorson@example.com,"Ivorson, Reginald B",Actuarial & Underwriting,Pricing Analyst,Finance & Actuarial,"Phoenix, AZ",US,CC-ACTR-9631,actuarial.mgr03@example.com,Insurance Operations,Contoso Ltd
dashiellcarmichael@example.com,"Carmichael, Dashiell E",IT Service Desk,Desktop Admin,Engineering & IT,Hyderabad,IN,CC-ITSD-8744,it.mgr03@example.com,Technology,Contoso Ltd
beatrixgrimsby@example.com,"Grimsby, Beatrix A",Network Management,Network Analyst,Data & Analytics,"Nashville, TN",US,CC-NTWK-9430,network.mgr02@example.com,Health Services,Contoso Ltd
yorickwexford@example.com,"Wexford, Yorick B",Claims Processing,Claims Auditor,Claims & Operations,"Phoenix, AZ",US,CC-CLMS-8440,claims.mgr03@example.com,Insurance Operations,Contoso Ltd
emmerichlindqvist@example.com,"Lindqvist, Emmerich M",Member Services,Quality Analyst,Member & Customer Support,"Phoenix, AZ",US,CC-MBRS-1678,member.mgr03@example.com,Health Services,Contoso Ltd
yoricknethercott@example.com,"Nethercott, Yorick C",Product Management,Group PM,Product & Program,"Minnetonka, MN",US,CC-PROD-5415,product.mgr03@example.com,Technology,Contoso Ltd
alaricquartermaine@example.com,"Quartermaine, Alaric T",Member Services,Escalations Lead,Member & Customer Support,"Hartford, CT",US,CC-MBRS-1678,member.mgr01@example.com,Health Services,Contoso Ltd
balthazarunderhill@example.com,"Underhill, Balthazar B",IT Service Desk,Desktop Admin,Engineering & IT,"Phoenix, AZ",US,CC-ITSD-5368,it.mgr01@example.com,Technology,Contoso Ltd
ferdinandcarmichael@example.com,"Carmichael, Ferdinand E",IT Service Desk,Desktop Admin,Engineering & IT,Manila,PH,CC-ITSD-8003,it.mgr01@example.com,Technology,Contoso Ltd
wendelinezabrowski@example.com,"Zabrowski, Wendeline G",Actuarial & Underwriting,Pricing Analyst,Finance & Actuarial,"Nashville, TN",US,CC-ACTR-9631,actuarial.mgr03@example.com,Insurance Operations,Contoso Ltd
evangelinefairweather@example.com,"Fairweather, Evangeline S",Clinical Operations,RN Care Manager,Clinical & Care,"Hartford, CT",US,CC-CLIN-6351,clinical.mgr03@example.com,Health Services,Contoso Ltd
seraphinasatterthwaite@example.com,"Satterthwaite, Seraphina T",Member Services,Quality Analyst,Member & Customer Support,Hyderabad,IN,CC-MBRS-3434,member.mgr01@example.com,Health Services,Contoso Ltd
torstenquartermaine@example.com,"Quartermaine, Torsten M",Network Management,Network Analyst,Data & Analytics,"Phoenix, AZ",US,CC-NTWK-9430,network.mgr02@example.com,Health Services,Contoso Ltd
emmerichmarchetti@example.com,"Marchetti, Emmerich J",Member Services,Escalations Lead,Member & Customer Support,"Hartford, CT",US,CC-MBRS-1678,member.mgr01@example.com,Health Services,Contoso Ltd
antigoneuxbridge@example.com,"Uxbridge, Antigone M",Finance,Accountant,Finance & Actuarial,"Nashville, TN",US,CC-FINX-3369,finance.mgr02@example.com,Corporate Functions,Contoso Ltd
leopoldulverston@example.com,"Ulverston, Leopold H",Member Services,Quality Analyst,Member & Customer Support,"Atlanta, GA",US,CC-MBRS-1678,member.mgr03@example.com,Health Services,Contoso Ltd
fennimorecarmichael@example.com,"Carmichael, Fennimore D",Data & Analytics,BI Engineer,Data & Analytics,Bengaluru,IN,CC-DATA-2363,data.mgr01@example.com,Technology,Contoso Ltd
wendelinesinclair@example.com,"Sinclair, Wendeline M",Member Services,CSR,Member & Customer Support,"Atlanta, GA",US,CC-MBRS-1678,member.mgr01@example.com,Health Services,Contoso Ltd
beatrixquartermaine@example.com,"Quartermaine, Beatrix K",Member Services,CSR,Member & Customer Support,Bengaluru,IN,CC-MBRS-3434,member.mgr03@example.com,Health Services,Contoso Ltd
marisolezabrowski@example.com,"Zabrowski, Marisole W",Network Management,Contract Negotiator,Sales & Accounts,"Hartford, CT",US,CC-NTWK-9430,network.mgr01@example.com,Health Services,Contoso Ltd
nikolailocksley@example.com,"Locksley, Nikolai A",Clinical Operations,Care Coordinator,Clinical & Care,"Hartford, CT",US,CC-CLIN-6351,clinical.mgr02@example.com,Health Services,Contoso Ltd
beatrixcholmondeley@example.com,"Cholmondeley, Beatrix J",Clinical Operations,Clinical Analyst,Clinical & Care,"Phoenix, AZ",US,CC-CLIN-6351,clinical.mgr01@example.com,Health Services,Contoso Ltd
corneliusedgecombe@example.com,"Edgecombe, Cornelius B",Network Management,Contract Negotiator,Sales & Accounts,"Nashville, TN",US,CC-NTWK-9430,network.mgr03@example.com,Health Services,Contoso Ltd
dashiellprendergast@example.com,"Prendergast, Dashiell S",IT Service Desk,Tier 1 Tech,Engineering & IT,Manila,PH,CC-ITSD-8003,it.mgr01@example.com,Technology,Contoso Ltd
reginaldainsworth@example.com,"Ainsworth, Reginald E",Clinical Operations,Clinical Analyst,Clinical & Care,"Phoenix, AZ",US,CC-CLIN-6351,clinical.mgr02@example.com,Health Services,Contoso Ltd
barnabyyardley@example.com,"Yardley, Barnaby H",Claims Processing,Claims Examiner,Claims & Operations,Bengaluru,IN,CC-CLMS-5672,claims.mgr01@example.com,Insurance Operations,Contoso Ltd
wilhelminaduckworth@example.com,"Duckworth, Wilhelmina T",Clinical Operations,Clinical Analyst,Clinical & Care,"Minnetonka, MN",US,CC-CLIN-6351,clinical.mgr03@example.com,Health Services,Contoso Ltd
isoldequigley@example.com,"Quigley, Isolde M",Clinical Operations,Care Coordinator,Clinical & Care,"Minnetonka, MN",US,CC-CLIN-6351,clinical.mgr01@example.com,Health Services,Contoso Ltd
montgomerycarmichael@example.com,"Carmichael, Montgomery B",Member Services,Escalations Lead,Member & Customer Support,Manila,PH,CC-MBRS-8205,member.mgr03@example.com,Health Services,Contoso Ltd
persephonedarlington@example.com,"Darlington, Persephone D",Engineering,SRE,Engineering & IT,Dublin,IE,CC-ENGR-9674,engineering.mgr03@example.com,Technology,Contoso Ltd
veritywollstonecraft@example.com,"Wollstonecraft, Verity J",Finance,Accountant,Finance & Actuarial,"Phoenix, AZ",US,CC-FINX-3369,finance.mgr02@example.com,Corporate Functions,Contoso Ltd
hesperainsworth@example.com,"Ainsworth, Hesper S",Legal & Compliance,Compliance Analyst,Corporate (HR/Legal/Mktg),"Phoenix, AZ",US,CC-LEGL-2668,legal.mgr02@example.com,Corporate Functions,Contoso Ltd
wilhelmollivander@example.com,"Ollivander, Wilhelm K",Claims Processing,Recovery Specialist,Claims & Operations,"Nashville, TN",US,CC-CLMS-8440,claims.mgr01@example.com,Insurance Operations,Contoso Ltd
lysanderunderhill@example.com,"Underhill, Lysander P",Member Services,CSR,Member & Customer Support,"Minnetonka, MN",US,CC-MBRS-1678,member.mgr02@example.com,Health Services,Contoso Ltd
fennimorenightingale@example.com,"Nightingale, Fennimore G",Network Management,Provider Relations,Member & Customer Support,"Hartford, CT",US,CC-NTWK-9430,network.mgr02@example.com,Health Services,Contoso Ltd
montgomeryzabrowski@example.com,"Zabrowski, Montgomery F",Engineering,Eng Manager,Management & Leadership,Bengaluru,IN,CC-ENGR-3318,engineering.mgr03@example.com,Technology,Contoso Ltd
horatiodunmore@example.com,"Dunmore, Horatio P",Product Management,PM,Product & Program,"Atlanta, GA",US,CC-PROD-5415,product.mgr03@example.com,Technology,Contoso Ltd
wilhelmmarchetti@example.com,"Marchetti, Wilhelm J",Government Programs,Policy Analyst,Claims & Operations,"Minnetonka, MN",US,CC-GOVT-6906,government.mgr02@example.com,Insurance Operations,Contoso Ltd
zinniamarchetti@example.com,"Marchetti, Zinnia E",Data & Analytics,Data Analyst,Data & Analytics,"Nashville, TN",US,CC-DATA-9141,data.mgr01@example.com,Technology,Contoso Ltd
antigoneravenscroft@example.com,"Ravenscroft, Antigone T",Finance,Financial Analyst,Finance & Actuarial,"Phoenix, AZ",US,CC-FINX-3369,finance.mgr01@example.com,Corporate Functions,Contoso Ltd
antheaduckworth@example.com,"Duckworth, Anthea J",Member Services,CSR,Member & Customer Support,"Atlanta, GA",US,CC-MBRS-1678,member.mgr01@example.com,Health Services,Contoso Ltd
fennimoreollivander@example.com,"Ollivander, Fennimore P",Member Services,Quality Analyst,Member & Customer Support,"Minnetonka, MN",US,CC-MBRS-1678,member.mgr03@example.com,Health Services,Contoso Ltd
corneliuscarmichael@example.com,"Carmichael, Cornelius P",Actuarial & Underwriting,Actuary,Finance & Actuarial,"Hartford, CT",US,CC-ACTR-9631,actuarial.mgr03@example.com,Insurance Operations,Contoso Ltd
wendelinebletchley@example.com,"Bletchley, Wendeline H",Member Services,CSR,Member & Customer Support,"Atlanta, GA",US,CC-MBRS-1678,member.mgr01@example.com,Health Services,Contoso Ltd
reginaldzabrowski@example.com,"Zabrowski, Reginald A",Clinical Operations,RN Care Manager,Clinical & Care,"Hartford, CT",US,CC-CLIN-6351,clinical.mgr02@example.com,Health Services,Contoso Ltd
horatiohollingsworth2@example.com,"Hollingsworth, Horatio T",Network Management,Contract Negotiator,Sales & Accounts,"Atlanta, GA",US,CC-NTWK-9430,network.mgr02@example.com,Health Services,Contoso Ltd
bartholomewnightingale@example.com,"Nightingale, Bartholomew R",Clinical Operations,Care Coordinator,Clinical & Care,"Atlanta, GA",US,CC-CLIN-6351,clinical.mgr01@example.com,Health Services,Contoso Ltd
elowenhollingsworth@example.com,"Hollingsworth, Elowen K",Member Services,CSR,Member & Customer Support,Hyderabad,IN,CC-MBRS-3434,member.mgr01@example.com,Health Services,Contoso Ltd
wendelinetrelawney@example.com,"Trelawney, Wendeline M",Finance,Accountant,Finance & Actuarial,"Nashville, TN",US,CC-FINX-3369,finance.mgr02@example.com,Corporate Functions,Contoso Ltd
ottolinenethercott@example.com,"Nethercott, Ottoline L",IT Service Desk,Tier 1 Tech,Engineering & IT,Manila,PH,CC-ITSD-8003,it.mgr03@example.com,Technology,Contoso Ltd
endellionziegler@example.com,"Ziegler, Endellion N",Government Programs,Medicare Analyst,Claims & Operations,"Atlanta, GA",US,CC-GOVT-6906,government.mgr03@example.com,Insurance Operations,Contoso Ltd
nikolaihollingsworth@example.com,"Hollingsworth, Nikolai R",Data & Analytics,BI Engineer,Data & Analytics,"Hartford, CT",US,CC-DATA-9141,data.mgr03@example.com,Technology,Contoso Ltd
millicentwollstonecraft@example.com,"Wollstonecraft, Millicent N",Engineering,Software Engineer,Engineering & IT,"Atlanta, GA",US,CC-ENGR-9639,engineering.mgr02@example.com,Technology,Contoso Ltd
percymarchetti@example.com,"Marchetti, Percy S",Pharmacy Benefits,Formulary Specialist,Clinical & Care,Dublin,IE,CC-RXBM-7762,pharmacy.mgr03@example.com,Health Services,Contoso Ltd
ulyssahollingsworth@example.com,"Hollingsworth, Ulyssa J",Engineering,SRE,Engineering & IT,"Hartford, CT",US,CC-ENGR-9639,engineering.mgr03@example.com,Technology,Contoso Ltd
rosamundrutherford@example.com,"Rutherford, Rosamund J",Claims Processing,Claims Examiner,Claims & Operations,Manila,PH,CC-CLMS-9685,claims.mgr03@example.com,Insurance Operations,Contoso Ltd
percypembrooke@example.com,"Pembrooke, Percy E",Member Services,CSR,Member & Customer Support,"Phoenix, AZ",US,CC-MBRS-1678,member.mgr01@example.com,Health Services,Contoso Ltd
luciustrelawney@example.com,"Trelawney, Lucius C",IT Service Desk,Desktop Admin,Engineering & IT,"Hartford, CT",US,CC-ITSD-5368,it.mgr02@example.com,Technology,Contoso Ltd
seraphinakettering@example.com,"Kettering, Seraphina H",Clinical Operations,RN Care Manager,Clinical & Care,"Nashville, TN",US,CC-CLIN-6351,clinical.mgr03@example.com,Health Services,Contoso Ltd
calanthefairbanks2@example.com,"Fairbanks, Calanthe M",Pharmacy Benefits,Pharmacy Tech,Clinical & Care,"Hartford, CT",US,CC-RXBM-7797,pharmacy.mgr01@example.com,Health Services,Contoso Ltd
quillanmarchetti@example.com,"Marchetti, Quillan R",Member Services,CSR,Member & Customer Support,"Hartford, CT",US,CC-MBRS-1678,member.mgr02@example.com,Health Services,Contoso Ltd
zephyrinekettering@example.com,"Kettering, Zephyrine C",Clinical Operations,Care Coordinator,Clinical & Care,"Hartford, CT",US,CC-CLIN-6351,clinical.mgr03@example.com,Health Services,Contoso Ltd
verityduckworth@example.com,"Duckworth, Verity T",Claims Processing,Recovery Specialist,Claims & Operations,"Atlanta, GA",US,CC-CLMS-8440,claims.mgr01@example.com,Insurance Operations,Contoso Ltd
corneliusabernathy@example.com,"Abernathy, Cornelius J",Clinical Operations,Clinical Analyst,Clinical & Care,"Hartford, CT",US,CC-CLIN-6351,clinical.mgr02@example.com,Health Services,Contoso Ltd
thaddeusulverston@example.com,"Ulverston, Thaddeus D",Data & Analytics,Data Analyst,Data & Analytics,"Nashville, TN",US,CC-DATA-9141,data.mgr02@example.com,Technology,Contoso Ltd
marlowemarchetti@example.com,"Marchetti, Marlowe L",Pharmacy Benefits,Pharmacy Tech,Clinical & Care,"Atlanta, GA",US,CC-RXBM-7797,pharmacy.mgr01@example.com,Health Services,Contoso Ltd
ambrosetremaine@example.com,"Tremaine, Ambrose G",Pharmacy Benefits,Formulary Specialist,Clinical & Care,"Phoenix, AZ",US,CC-RXBM-7797,pharmacy.mgr01@example.com,Health Services,Contoso Ltd
emmerichwollstonecraft@example.com,"Wollstonecraft, Emmerich N",Human Resources,Recruiter,Corporate (HR/Legal/Mktg),"Minnetonka, MN",US,CC-HRXX-9770,human.mgr02@example.com,Corporate Functions,Contoso Ltd
evangelinebeaumont@example.com,"Beaumont, Evangeline L",Product Management,PM,Product & Program,"Atlanta, GA",US,CC-PROD-5415,product.mgr03@example.com,Technology,Contoso Ltd
dashielleverhart@example.com,"Everhart, Dashiell A",Clinical Operations,Clinical Analyst,Clinical & Care,"Hartford, CT",US,CC-CLIN-6351,clinical.mgr01@example.com,Health Services,Contoso Ltd
fennimorejankowski@example.com,"Jankowski, Fennimore P",Clinical Operations,Clinical Analyst,Clinical & Care,"Atlanta, GA",US,CC-CLIN-6351,clinical.mgr01@example.com,Health Services,Contoso Ltd
leopoldollivander@example.com,"Ollivander, Leopold D",Engineering,Platform Engineer,Engineering & IT,Bengaluru,IN,CC-ENGR-3318,engineering.mgr03@example.com,Technology,Contoso Ltd
wilhelmashworth@example.com,"Ashworth, Wilhelm W",Engineering,Platform Engineer,Engineering & IT,Dublin,IE,CC-ENGR-9674,engineering.mgr02@example.com,Technology,Contoso Ltd
rosalindsatterthwaite@example.com,"Satterthwaite, Rosalind C",Claims Processing,Claims Examiner,Claims & Operations,"Hartford, CT",US,CC-CLMS-8440,claims.mgr02@example.com,Insurance Operations,Contoso Ltd
ulyssamarchetti@example.com,"Marchetti, Ulyssa D",Claims Processing,Claims Auditor,Claims & Operations,Hyderabad,IN,CC-CLMS-5672,claims.mgr03@example.com,Insurance Operations,Contoso Ltd
peregrinerutherford@example.com,"Rutherford, Peregrine S",Network Management,Contract Negotiator,Sales & Accounts,"Nashville, TN",US,CC-NTWK-9430,network.mgr01@example.com,Health Services,Contoso Ltd
bartholomewyelverton@example.com,"Yelverton, Bartholomew B",Network Management,Contract Negotiator,Sales & Accounts,"Nashville, TN",US,CC-NTWK-9430,network.mgr03@example.com,Health Services,Contoso Ltd
ottiliethornbury@example.com,"Thornbury, Ottilie C",IT Service Desk,Tier 1 Tech,Engineering & IT,"Atlanta, GA",US,CC-ITSD-5368,it.mgr01@example.com,Technology,Contoso Ltd
antheawexford@example.com,"Wexford, Anthea L",Network Management,Contract Negotiator,Sales & Accounts,"Phoenix, AZ",US,CC-NTWK-9430,network.mgr03@example.com,Health Services,Contoso Ltd
bramwelloxenford@example.com,"Oxenford, Bramwell L",Member Services,Quality Analyst,Member & Customer Support,"Hartford, CT",US,CC-MBRS-1678,member.mgr03@example.com,Health Services,Contoso Ltd
ottolineharrington@example.com,"Harrington, Ottoline H",Clinical Operations,RN Care Manager,Clinical & Care,Hyderabad,IN,CC-CLIN-3800,clinical.mgr01@example.com,Health Services,Contoso Ltd
corwinquigley2@example.com,"Quigley, Corwin W",Human Resources,HRBP,Corporate (HR/Legal/Mktg),"Nashville, TN",US,CC-HRXX-9770,human.mgr01@example.com,Corporate Functions,Contoso Ltd
octavianeverhart@example.com,"Everhart, Octavian C",Member Services,CSR,Member & Customer Support,"Minnetonka, MN",US,CC-MBRS-1678,member.mgr02@example.com,Health Services,Contoso Ltd
ottolinedunmore@example.com,"Dunmore, Ottoline A",IT Service Desk,Tier 2 Tech,Engineering & IT,Bengaluru,IN,CC-ITSD-8744,it.mgr03@example.com,Technology,Contoso Ltd
evangelinecrenshaw@example.com,"Crenshaw, Evangeline A",IT Service Desk,Desktop Admin,Engineering & IT,"Minnetonka, MN",US,CC-ITSD-5368,it.mgr01@example.com,Technology,Contoso Ltd
millicentjankowski@example.com,"Jankowski, Millicent J",Network Management,Contract Negotiator,Sales & Accounts,"Nashville, TN",US,CC-NTWK-9430,network.mgr02@example.com,Health Services,Contoso Ltd
luciussinclair@example.com,"Sinclair, Lucius G",Member Services,Quality Analyst,Member & Customer Support,"Nashville, TN",US,CC-MBRS-1678,member.mgr02@example.com,Health Services,Contoso Ltd
antheakettering@example.com,"Kettering, Anthea W",Engineering,Software Engineer,Engineering & IT,Dublin,IE,CC-ENGR-9674,engineering.mgr01@example.com,Technology,Contoso Ltd
delphineollivander@example.com,"Ollivander, Delphine M",Engineering,Platform Engineer,Engineering & IT,Dublin,IE,CC-ENGR-9674,engineering.mgr03@example.com,Technology,Contoso Ltd
reginaldprendergast@example.com,"Prendergast, Reginald F",Pharmacy Benefits,Formulary Specialist,Clinical & Care,"Hartford, CT",US,CC-RXBM-7797,pharmacy.mgr03@example.com,Health Services,Contoso Ltd
calanthepennington@example.com,"Pennington, Calanthe A",Engineering,Platform Engineer,Engineering & IT,"Nashville, TN",US,CC-ENGR-9639,engineering.mgr03@example.com,Technology,Contoso Ltd
fennimoreinglethorpe@example.com,"Inglethorpe, Fennimore J",Sales (Employer Group),Renewal Manager,Sales & Accounts,"Atlanta, GA",US,CC-SLES-1836,sales.mgr03@example.com,Corporate Functions,Contoso Ltd
beatrixbletchley@example.com,"Bletchley, Beatrix W",Product Management,PM,Product & Program,"Hartford, CT",US,CC-PROD-5415,product.mgr02@example.com,Technology,Contoso Ltd
marlowebletchley@example.com,"Bletchley, Marlowe L",Pharmacy Benefits,Pharmacy Tech,Clinical & Care,"Atlanta, GA",US,CC-RXBM-7797,pharmacy.mgr03@example.com,Health Services,Contoso Ltd
thaddeuswetherby@example.com,"Wetherby, Thaddeus F",Actuarial & Underwriting,Underwriter,Finance & Actuarial,"Minnetonka, MN",US,CC-ACTR-9631,actuarial.mgr02@example.com,Insurance Operations,Contoso Ltd
arabellaainsworth@example.com,"Ainsworth, Arabella D",Member Services,Escalations Lead,Member & Customer Support,"Phoenix, AZ",US,CC-MBRS-1678,member.mgr02@example.com,Health Services,Contoso Ltd
percykettering@example.com,"Kettering, Percy A",Marketing,Brand Lead,Corporate (HR/Legal/Mktg),"Atlanta, GA",US,CC-MKTG-7836,marketing.mgr03@example.com,Corporate Functions,Contoso Ltd
luciuswollstonecraft@example.com,"Wollstonecraft, Lucius T",IT Service Desk,Desktop Admin,Engineering & IT,Bengaluru,IN,CC-ITSD-8744,it.mgr02@example.com,Technology,Contoso Ltd
barnabyillingworth@example.com,"Illingworth, Barnaby J",Actuarial & Underwriting,Actuary,Finance & Actuarial,"Phoenix, AZ",US,CC-ACTR-9631,actuarial.mgr03@example.com,Insurance Operations,Contoso Ltd
emmerichravenscroft@example.com,"Ravenscroft, Emmerich S",Member Services,CSR,Member & Customer Support,"Nashville, TN",US,CC-MBRS-1678,member.mgr01@example.com,Health Services,Contoso Ltd
everardcholmondeley@example.com,"Cholmondeley, Everard L",Human Resources,Recruiter,Corporate (HR/Legal/Mktg),"Minnetonka, MN",US,CC-HRXX-9770,human.mgr02@example.com,Corporate Functions,Contoso Ltd
fennimorecarmichael2@example.com,"Carmichael, Fennimore W",Government Programs,Policy Analyst,Claims & Operations,"Hartford, CT",US,CC-GOVT-6906,government.mgr02@example.com,Insurance Operations,Contoso Ltd
elowenainsworth@example.com,"Ainsworth, Elowen P",Member Services,Quality Analyst,Member & Customer Support,Manila,PH,CC-MBRS-8205,member.mgr03@example.com,Health Services,Contoso Ltd
antheanorthcote@example.com,"Northcote, Anthea G",Clinical Operations,RN Care Manager,Clinical & Care,"Nashville, TN",US,CC-CLIN-6351,clinical.mgr02@example.com,Health Services,Contoso Ltd
bexleyinglethorpe@example.com,"Inglethorpe, Bexley K",Data & Analytics,BI Engineer,Data & Analytics,Bengaluru,IN,CC-DATA-2363,data.mgr03@example.com,Technology,Contoso Ltd
lysanderduckworth@example.com,"Duckworth, Lysander L",Marketing,Brand Lead,Corporate (HR/Legal/Mktg),"Nashville, TN",US,CC-MKTG-7836,marketing.mgr01@example.com,Corporate Functions,Contoso Ltd
rosalindainsworth@example.com,"Ainsworth, Rosalind S",Member Services,Escalations Lead,Member & Customer Support,Manila,PH,CC-MBRS-8205,member.mgr02@example.com,Health Services,Contoso Ltd
isoldenightingale@example.com,"Nightingale, Isolde P",Claims Processing,Claims Examiner,Claims & Operations,"Nashville, TN",US,CC-CLMS-8440,claims.mgr03@example.com,Insurance Operations,Contoso Ltd
peregrineuxbridge@example.com,"Uxbridge, Peregrine C",Marketing,Content Strategist,Corporate (HR/Legal/Mktg),"Nashville, TN",US,CC-MKTG-7836,marketing.mgr03@example.com,Corporate Functions,Contoso Ltd
arabellagrimsby@example.com,"Grimsby, Arabella J",Network Management,Network Analyst,Data & Analytics,"Nashville, TN",US,CC-NTWK-9430,network.mgr01@example.com,Health Services,Contoso Ltd
torstenhawthorne@example.com,"Hawthorne, Torsten D",Claims Processing,Recovery Specialist,Claims & Operations,Bengaluru,IN,CC-CLMS-5672,claims.mgr03@example.com,Insurance Operations,Contoso Ltd
genevieveillingworth@example.com,"Illingworth, Genevieve L",Clinical Operations,Care Coordinator,Clinical & Care,"Minnetonka, MN",US,CC-CLIN-6351,clinical.mgr01@example.com,Health Services,Contoso Ltd
horatioquigley@example.com,"Quigley, Horatio E",Government Programs,Medicare Analyst,Claims & Operations,"Hartford, CT",US,CC-GOVT-6906,government.mgr01@example.com,Insurance Operations,Contoso Ltd
luciussatterthwaite4@example.com,"Satterthwaite, Lucius A",Claims Processing,Claims Examiner,Claims & Operations,Hyderabad,IN,CC-CLMS-5672,claims.mgr03@example.com,Insurance Operations,Contoso Ltd
xanthelindqvist@example.com,"Lindqvist, Xanthe P",IT Service Desk,Tier 1 Tech,Engineering & IT,"Phoenix, AZ",US,CC-ITSD-5368,it.mgr03@example.com,Technology,Contoso Ltd
wilhelmvillanueva@example.com,"Villanueva, Wilhelm W",Engineering,Software Engineer,Engineering & IT,"Phoenix, AZ",US,CC-ENGR-9639,engineering.mgr03@example.com,Technology,Contoso Ltd
cordeliahawthorne@example.com,"Hawthorne, Cordelia L",Network Management,Network Analyst,Data & Analytics,"Hartford, CT",US,CC-NTWK-9430,network.mgr01@example.com,Health Services,Contoso Ltd
luciusravenscroft@example.com,"Ravenscroft, Lucius J",Claims Processing,Recovery Specialist,Claims & Operations,"Atlanta, GA",US,CC-CLMS-8440,claims.mgr03@example.com,Insurance Operations,Contoso Ltd
corwinsinclair@example.com,"Sinclair, Corwin F",IT Service Desk,Desktop Admin,Engineering & IT,"Nashville, TN",US,CC-ITSD-5368,it.mgr02@example.com,Technology,Contoso Ltd
xantheharrington@example.com,"Harrington, Xanthe C",Government Programs,Policy Analyst,Claims & Operations,"Nashville, TN",US,CC-GOVT-6906,government.mgr03@example.com,Insurance Operations,Contoso Ltd
evangelinedarlington@example.com,"Darlington, Evangeline D",Government Programs,Medicaid Liaison,Claims & Operations,"Atlanta, GA",US,CC-GOVT-6906,government.mgr02@example.com,Insurance Operations,Contoso Ltd
ambrosecarmichael@example.com,"Carmichael, Ambrose L",Member Services,Quality Analyst,Member & Customer Support,"Phoenix, AZ",US,CC-MBRS-1678,member.mgr01@example.com,Health Services,Contoso Ltd
philippaainsworth2@example.com,"Ainsworth, Philippa C",Member Services,Escalations Lead,Member & Customer Support,"Atlanta, GA",US,CC-MBRS-1678,member.mgr02@example.com,Health Services,Contoso Ltd
dashielluxbridge@example.com,"Uxbridge, Dashiell N",Clinical Operations,Clinical Analyst,Clinical & Care,"Minnetonka, MN",US,CC-CLIN-6351,clinical.mgr02@example.com,Health Services,Contoso Ltd
delphineravenscroft@example.com,"Ravenscroft, Delphine L",Member Services,Escalations Lead,Member & Customer Support,"Phoenix, AZ",US,CC-MBRS-1678,member.mgr03@example.com,Health Services,Contoso Ltd
antigonerutherford@example.com,"Rutherford, Antigone D",Legal & Compliance,Counsel,Corporate (HR/Legal/Mktg),"Minnetonka, MN",US,CC-LEGL-2668,legal.mgr01@example.com,Corporate Functions,Contoso Ltd
bramwellmowbray@example.com,"Mowbray, Bramwell R",Member Services,CSR,Member & Customer Support,"Minnetonka, MN",US,CC-MBRS-1678,member.mgr02@example.com,Health Services,Contoso Ltd
henriettaziegler@example.com,"Ziegler, Henrietta G",Clinical Operations,RN Care Manager,Clinical & Care,"Atlanta, GA",US,CC-CLIN-6351,clinical.mgr02@example.com,Health Services,Contoso Ltd
ulyssafairbanks@example.com,"Fairbanks, Ulyssa C",IT Service Desk,Tier 2 Tech,Engineering & IT,"Hartford, CT",US,CC-ITSD-5368,it.mgr02@example.com,Technology,Contoso Ltd
quillanthornbury@example.com,"Thornbury, Quillan T",Network Management,Contract Negotiator,Sales & Accounts,"Phoenix, AZ",US,CC-NTWK-9430,network.mgr02@example.com,Health Services,Contoso Ltd
cordeliaockendon@example.com,"Ockendon, Cordelia W",Member Services,Quality Analyst,Member & Customer Support,Bengaluru,IN,CC-MBRS-3434,member.mgr02@example.com,Health Services,Contoso Ltd
wendelineharrington@example.com,"Harrington, Wendeline F",Data & Analytics,BI Engineer,Data & Analytics,"Hartford, CT",US,CC-DATA-9141,data.mgr03@example.com,Technology,Contoso Ltd
everardmowbray@example.com,"Mowbray, Everard H",Human Resources,Recruiter,Corporate (HR/Legal/Mktg),"Atlanta, GA",US,CC-HRXX-9770,human.mgr01@example.com,Corporate Functions,Contoso Ltd
peregrinefotheringham@example.com,"Fotheringham, Peregrine M",Claims Processing,Claims Auditor,Claims & Operations,"Atlanta, GA",US,CC-CLMS-8440,claims.mgr02@example.com,Insurance Operations,Contoso Ltd
bramwelljessamine@example.com,"Jessamine, Bramwell R",Clinical Operations,Care Coordinator,Clinical & Care,"Atlanta, GA",US,CC-CLIN-6351,clinical.mgr03@example.com,Health Services,Contoso Ltd
yorickinglethorpe@example.com,"Inglethorpe, Yorick E",Engineering,Software Engineer,Engineering & IT,Hyderabad,IN,CC-ENGR-3318,engineering.mgr02@example.com,Technology,Contoso Ltd
cordeliajankowski@example.com,"Jankowski, Cordelia A",Network Management,Network Analyst,Data & Analytics,"Nashville, TN",US,CC-NTWK-9430,network.mgr01@example.com,Health Services,Contoso Ltd
corwinrosewarne@example.com,"Rosewarne, Corwin D",IT Service Desk,Tier 1 Tech,Engineering & IT,Manila,PH,CC-ITSD-8003,it.mgr02@example.com,Technology,Contoso Ltd
clementinebletchley@example.com,"Bletchley, Clementine P",IT Service Desk,Desktop Admin,Engineering & IT,Manila,PH,CC-ITSD-8003,it.mgr02@example.com,Technology,Contoso Ltd
rosamundpembrooke@example.com,"Pembrooke, Rosamund P",IT Service Desk,Tier 1 Tech,Engineering & IT,Manila,PH,CC-ITSD-8003,it.mgr02@example.com,Technology,Contoso Ltd
marisolerosewarne@example.com,"Rosewarne, Marisole R",Engineering,SRE,Engineering & IT,Hyderabad,IN,CC-ENGR-3318,engineering.mgr02@example.com,Technology,Contoso Ltd
xantherosewarne@example.com,"Rosewarne, Xanthe S",Marketing,Marketing Manager,Corporate (HR/Legal/Mktg),"Hartford, CT",US,CC-MKTG-7836,marketing.mgr01@example.com,Corporate Functions,Contoso Ltd
fennimoredarlington@example.com,"Darlington, Fennimore L",Network Management,Network Analyst,Data & Analytics,"Nashville, TN",US,CC-NTWK-9430,network.mgr02@example.com,Health Services,Contoso Ltd
silvanusyardley@example.com,"Yardley, Silvanus F",Government Programs,Medicare Analyst,Claims & Operations,"Minnetonka, MN",US,CC-GOVT-6906,government.mgr03@example.com,Insurance Operations,Contoso Ltd
montgomerywexford@example.com,"Wexford, Montgomery L",Engineering,Software Engineer,Engineering & IT,Hyderabad,IN,CC-ENGR-3318,engineering.mgr02@example.com,Technology,Contoso Ltd
cosimaziegler@example.com,"Ziegler, Cosima J",Product Management,Group PM,Product & Program,"Hartford, CT",US,CC-PROD-5415,product.mgr01@example.com,Technology,Contoso Ltd
emmerichwollstonecraft2@example.com,"Wollstonecraft, Emmerich F",Member Services,Escalations Lead,Member & Customer Support,"Hartford, CT",US,CC-MBRS-1678,member.mgr02@example.com,Health Services,Contoso Ltd
percivalnightingale@example.com,"Nightingale, Percival J",Member Services,Quality Analyst,Member & Customer Support,Manila,PH,CC-MBRS-8205,member.mgr01@example.com,Health Services,Contoso Ltd
ottiliecarmichael@example.com,"Carmichael, Ottilie A",Pharmacy Benefits,Formulary Specialist,Clinical & Care,"Phoenix, AZ",US,CC-RXBM-7797,pharmacy.mgr02@example.com,Health Services,Contoso Ltd
torstengodfrey2@example.com,"Godfrey, Torsten M",Clinical Operations,Clinical Analyst,Clinical & Care,"Nashville, TN",US,CC-CLIN-6351,clinical.mgr01@example.com,Health Services,Contoso Ltd
casimiroxenford2@example.com,"Oxenford, Casimir T",IT Service Desk,Tier 2 Tech,Engineering & IT,"Minnetonka, MN",US,CC-ITSD-5368,it.mgr02@example.com,Technology,Contoso Ltd
zinniaharrington@example.com,"Harrington, Zinnia A",Claims Processing,Claims Examiner,Claims & Operations,"Phoenix, AZ",US,CC-CLMS-8440,claims.mgr03@example.com,Insurance Operations,Contoso Ltd
beatrixnethercott2@example.com,"Nethercott, Beatrix E",Member Services,CSR,Member & Customer Support,"Atlanta, GA",US,CC-MBRS-1678,member.mgr03@example.com,Health Services,Contoso Ltd
persephonetremaine@example.com,"Tremaine, Persephone T",Engineering,Eng Manager,Management & Leadership,"Minnetonka, MN",US,CC-ENGR-9639,engineering.mgr03@example.com,Technology,Contoso Ltd
endelliongrimsby@example.com,"Grimsby, Endellion E",Member Services,Escalations Lead,Member & Customer Support,Hyderabad,IN,CC-MBRS-3434,member.mgr02@example.com,Health Services,Contoso Ltd
balthazarjorgensen@example.com,"Jorgensen, Balthazar E",Claims Processing,Claims Examiner,Claims & Operations,Manila,PH,CC-CLMS-9685,claims.mgr03@example.com,Insurance Operations,Contoso Ltd
yoricktremaine@example.com,"Tremaine, Yorick P",Member Services,Quality Analyst,Member & Customer Support,"Nashville, TN",US,CC-MBRS-1678,member.mgr01@example.com,Health Services,Contoso Ltd
fitzgeraldbeaumont@example.com,"Beaumont, Fitzgerald M",IT Service Desk,Desktop Admin,Engineering & IT,Manila,PH,CC-ITSD-8003,it.mgr02@example.com,Technology,Contoso Ltd
yoricklindqvist@example.com,"Lindqvist, Yorick F",Pharmacy Benefits,Formulary Specialist,Clinical & Care,"Atlanta, GA",US,CC-RXBM-7797,pharmacy.mgr03@example.com,Health Services,Contoso Ltd
leopoldcadwallader@example.com,"Cadwallader, Leopold L",Clinical Operations,RN Care Manager,Clinical & Care,"Nashville, TN",US,CC-CLIN-6351,clinical.mgr03@example.com,Health Services,Contoso Ltd
horatioollivander@example.com,"Ollivander, Horatio H",Data & Analytics,Data Scientist,Data & Analytics,"Phoenix, AZ",US,CC-DATA-9141,data.mgr03@example.com,Technology,Contoso Ltd
ferdinandzabrowski@example.com,"Zabrowski, Ferdinand G",Clinical Operations,RN Care Manager,Clinical & Care,"Hartford, CT",US,CC-CLIN-6351,clinical.mgr03@example.com,Health Services,Contoso Ltd
margueriteattenborough@example.com,"Attenborough, Marguerite A",Product Management,PM,Product & Program,"Phoenix, AZ",US,CC-PROD-5415,product.mgr01@example.com,Technology,Contoso Ltd
percivalollivander@example.com,"Ollivander, Percival P",Clinical Operations,Care Coordinator,Clinical & Care,"Atlanta, GA",US,CC-CLIN-6351,clinical.mgr01@example.com,Health Services,Contoso Ltd
corneliusyardley@example.com,"Yardley, Cornelius W",Network Management,Network Analyst,Data & Analytics,"Phoenix, AZ",US,CC-NTWK-9430,network.mgr02@example.com,Health Services,Contoso Ltd
peregrineashworth@example.com,"Ashworth, Peregrine K",Member Services,Escalations Lead,Member & Customer Support,Manila,PH,CC-MBRS-8205,member.mgr02@example.com,Health Services,Contoso Ltd
elowenjessamine@example.com,"Jessamine, Elowen M",Engineering,SRE,Engineering & IT,Dublin,IE,CC-ENGR-9674,engineering.mgr02@example.com,Technology,Contoso Ltd
bexleyillingworth@example.com,"Illingworth, Bexley W",Member Services,Escalations Lead,Member & Customer Support,Bengaluru,IN,CC-MBRS-3434,member.mgr01@example.com,Health Services,Contoso Ltd
ambroseedgecombe@example.com,"Edgecombe, Ambrose B",Data & Analytics,Data Analyst,Data & Analytics,Hyderabad,IN,CC-DATA-2363,data.mgr01@example.com,Technology,Contoso Ltd
everardmarchetti@example.com,"Marchetti, Everard D",Product Management,PM,Product & Program,"Phoenix, AZ",US,CC-PROD-5415,product.mgr02@example.com,Technology,Contoso Ltd
quillanvandersloot@example.com,"Vandersloot, Quillan F",Pharmacy Benefits,PBM Analyst,Clinical & Care,"Atlanta, GA",US,CC-RXBM-7797,pharmacy.mgr03@example.com,Health Services,Contoso Ltd
quillanwexford@example.com,"Wexford, Quillan M",Claims Processing,Claims Auditor,Claims & Operations,Manila,PH,CC-CLMS-9685,claims.mgr01@example.com,Insurance Operations,Contoso Ltd
delphinetremaine@example.com,"Tremaine, Delphine S",Clinical Operations,Clinical Analyst,Clinical & Care,"Atlanta, GA",US,CC-CLIN-6351,clinical.mgr03@example.com,Health Services,Contoso Ltd
horatioquennell@example.com,"Quennell, Horatio H",Clinical Operations,Care Coordinator,Clinical & Care,"Hartford, CT",US,CC-CLIN-6351,clinical.mgr03@example.com,Health Services,Contoso Ltd
bexleydarlington@example.com,"Darlington, Bexley R",Claims Processing,Claims Auditor,Claims & Operations,Manila,PH,CC-CLMS-9685,claims.mgr02@example.com,Insurance Operations,Contoso Ltd
reginaldjorgensen@example.com,"Jorgensen, Reginald S",Sales (Employer Group),Account Executive,Sales & Accounts,"Hartford, CT",US,CC-SLES-1836,sales.mgr03@example.com,Corporate Functions,Contoso Ltd
beatrixcrenshaw@example.com,"Crenshaw, Beatrix W",Claims Processing,Claims Examiner,Claims & Operations,"Minnetonka, MN",US,CC-CLMS-8440,claims.mgr03@example.com,Insurance Operations,Contoso Ltd
leopoldnorthcote@example.com,"Northcote, Leopold N",Marketing,Brand Lead,Corporate (HR/Legal/Mktg),"Phoenix, AZ",US,CC-MKTG-7836,marketing.mgr03@example.com,Corporate Functions,Contoso Ltd
seraphinabraithwaite@example.com,"Braithwaite, Seraphina F",Claims Processing,Claims Auditor,Claims & Operations,"Atlanta, GA",US,CC-CLMS-8440,claims.mgr02@example.com,Insurance Operations,Contoso Ltd
raffertyduckworth@example.com,"Duckworth, Rafferty C",Claims Processing,Recovery Specialist,Claims & Operations,"Atlanta, GA",US,CC-CLMS-8440,claims.mgr01@example.com,Insurance Operations,Contoso Ltd
casimirkensington2@example.com,"Kensington, Casimir J",Legal & Compliance,Privacy Officer,Corporate (HR/Legal/Mktg),"Atlanta, GA",US,CC-LEGL-2668,legal.mgr02@example.com,Corporate Functions,Contoso Ltd
isoldequartermaine@example.com,"Quartermaine, Isolde B",Data & Analytics,Data Scientist,Data & Analytics,"Hartford, CT",US,CC-DATA-9141,data.mgr01@example.com,Technology,Contoso Ltd
percyivorson@example.com,"Ivorson, Percy P",Member Services,Escalations Lead,Member & Customer Support,Hyderabad,IN,CC-MBRS-3434,member.mgr02@example.com,Health Services,Contoso Ltd
emmerichmerriweather@example.com,"Merriweather, Emmerich D",Government Programs,Medicare Analyst,Claims & Operations,"Nashville, TN",US,CC-GOVT-6906,government.mgr01@example.com,Insurance Operations,Contoso Ltd
hesperainsworth2@example.com,"Ainsworth, Hesper C",Pharmacy Benefits,PBM Analyst,Clinical & Care,"Hartford, CT",US,CC-RXBM-7797,pharmacy.mgr01@example.com,Health Services,Contoso Ltd
dashiellmerriweather@example.com,"Merriweather, Dashiell A",IT Service Desk,Tier 1 Tech,Engineering & IT,Bengaluru,IN,CC-ITSD-8744,it.mgr02@example.com,Technology,Contoso Ltd
rosalindbletchley@example.com,"Bletchley, Rosalind J",Claims Processing,Recovery Specialist,Claims & Operations,Manila,PH,CC-CLMS-9685,claims.mgr02@example.com,Insurance Operations,Contoso Ltd
rosamundoxenford@example.com,"Oxenford, Rosamund P",Network Management,Network Analyst,Data & Analytics,"Nashville, TN",US,CC-NTWK-9430,network.mgr03@example.com,Health Services,Contoso Ltd
marloweblackwood@example.com,"Blackwood, Marlowe B",Finance,Accountant,Finance & Actuarial,"Hartford, CT",US,CC-FINX-3369,finance.mgr03@example.com,Corporate Functions,Contoso Ltd
thibaultthornbury@example.com,"Thornbury, Thibault C",Data & Analytics,Data Scientist,Data & Analytics,"Hartford, CT",US,CC-DATA-9141,data.mgr03@example.com,Technology,Contoso Ltd
torstenoxenford@example.com,"Oxenford, Torsten G",Data & Analytics,BI Engineer,Data & Analytics,"Atlanta, GA",US,CC-DATA-9141,data.mgr03@example.com,Technology,Contoso Ltd
fitzgeraldvillanueva@example.com,"Villanueva, Fitzgerald D",Claims Processing,Claims Examiner,Claims & Operations,"Minnetonka, MN",US,CC-CLMS-8440,claims.mgr03@example.com,Insurance Operations,Contoso Ltd
montgomeryuxbridge@example.com,"Uxbridge, Montgomery E",Engineering,Platform Engineer,Engineering & IT,"Nashville, TN",US,CC-ENGR-9639,engineering.mgr03@example.com,Technology,Contoso Ltd
millicentkensington@example.com,"Kensington, Millicent G",Finance,FP&A Manager,Finance & Actuarial,"Nashville, TN",US,CC-FINX-3369,finance.mgr01@example.com,Corporate Functions,Contoso Ltd
lysandermowbray@example.com,"Mowbray, Lysander S",IT Service Desk,Tier 2 Tech,Engineering & IT,"Minnetonka, MN",US,CC-ITSD-5368,it.mgr01@example.com,Technology,Contoso Ltd
dashiellnorthcote@example.com,"Northcote, Dashiell H",Engineering,Software Engineer,Engineering & IT,Bengaluru,IN,CC-ENGR-3318,engineering.mgr01@example.com,Technology,Contoso Ltd
fennimorerutherford@example.com,"Rutherford, Fennimore D",Data & Analytics,Data Analyst,Data & Analytics,"Atlanta, GA",US,CC-DATA-9141,data.mgr02@example.com,Technology,Contoso Ltd
fennimorequartermaine@example.com,"Quartermaine, Fennimore C",Member Services,Escalations Lead,Member & Customer Support,"Phoenix, AZ",US,CC-MBRS-1678,member.mgr02@example.com,Health Services,Contoso Ltd
corwinbraithwaite@example.com,"Braithwaite, Corwin F",Product Management,Sr PM,Product & Program,"Hartford, CT",US,CC-PROD-5415,product.mgr03@example.com,Technology,Contoso Ltd
delphinerosewarne@example.com,"Rosewarne, Delphine K",Claims Processing,Claims Auditor,Claims & Operations,"Phoenix, AZ",US,CC-CLMS-8440,claims.mgr03@example.com,Insurance Operations,Contoso Ltd
elowenfairbanks@example.com,"Fairbanks, Elowen P",Engineering,Platform Engineer,Engineering & IT,"Phoenix, AZ",US,CC-ENGR-9639,engineering.mgr02@example.com,Technology,Contoso Ltd
barnabygrimsby@example.com,"Grimsby, Barnaby D",Network Management,Contract Negotiator,Sales & Accounts,"Atlanta, GA",US,CC-NTWK-9430,network.mgr03@example.com,Health Services,Contoso Ltd
ambrosefotheringham@example.com,"Fotheringham, Ambrose W",Actuarial & Underwriting,Underwriter,Finance & Actuarial,"Hartford, CT",US,CC-ACTR-9631,actuarial.mgr03@example.com,Insurance Operations,Contoso Ltd
millicentlindqvist2@example.com,"Lindqvist, Millicent A",Sales (Employer Group),Sales Engineer,Sales & Accounts,"Minnetonka, MN",US,CC-SLES-1836,sales.mgr01@example.com,Corporate Functions,Contoso Ltd
rosamundstroganov@example.com,"Stroganov, Rosamund N",Network Management,Contract Negotiator,Sales & Accounts,"Atlanta, GA",US,CC-NTWK-9430,network.mgr02@example.com,Health Services,Contoso Ltd
yoricklocksley@example.com,"Locksley, Yorick G",Clinical Operations,RN Care Manager,Clinical & Care,"Phoenix, AZ",US,CC-CLIN-6351,clinical.mgr01@example.com,Health Services,Contoso Ltd
yorickvandersloot@example.com,"Vandersloot, Yorick E",Member Services,Escalations Lead,Member & Customer Support,"Nashville, TN",US,CC-MBRS-1678,member.mgr01@example.com,Health Services,Contoso Ltd
xanthekirkpatrick@example.com,"Kirkpatrick, Xanthe K",Claims Processing,Claims Examiner,Claims & Operations,"Hartford, CT",US,CC-CLMS-8440,claims.mgr01@example.com,Insurance Operations,Contoso Ltd
philippahawthorne@example.com,"Hawthorne, Philippa J",Member Services,Quality Analyst,Member & Customer Support,Manila,PH,CC-MBRS-8205,member.mgr02@example.com,Health Services,Contoso Ltd
ambroseivorson@example.com,"Ivorson, Ambrose L",Pharmacy Benefits,Formulary Specialist,Clinical & Care,"Hartford, CT",US,CC-RXBM-7797,pharmacy.mgr01@example.com,Health Services,Contoso Ltd
casimircholmondeley@example.com,"Cholmondeley, Casimir L",Government Programs,Medicare Analyst,Claims & Operations,"Phoenix, AZ",US,CC-GOVT-6906,government.mgr02@example.com,Insurance Operations,Contoso Ltd
cosimaeverhart@example.com,"Everhart, Cosima W",Engineering,Eng Manager,Management & Leadership,Hyderabad,IN,CC-ENGR-3318,engineering.mgr02@example.com,Technology,Contoso Ltd
margueritepennington@example.com,"Pennington, Marguerite A",Finance,FP&A Manager,Finance & Actuarial,"Hartford, CT",US,CC-FINX-3369,finance.mgr03@example.com,Corporate Functions,Contoso Ltd
yoricktrelawney@example.com,"Trelawney, Yorick J",IT Service Desk,Tier 1 Tech,Engineering & IT,Manila,PH,CC-ITSD-8003,it.mgr03@example.com,Technology,Contoso Ltd
dashiellbraithwaite@example.com,"Braithwaite, Dashiell D",Legal & Compliance,Privacy Officer,Corporate (HR/Legal/Mktg),"Phoenix, AZ",US,CC-LEGL-2668,legal.mgr03@example.com,Corporate Functions,Contoso Ltd
endellionpembrooke@example.com,"Pembrooke, Endellion W",IT Service Desk,Tier 2 Tech,Engineering & IT,"Hartford, CT",US,CC-ITSD-5368,it.mgr03@example.com,Technology,Contoso Ltd
marisoleabernathy@example.com,"Abernathy, Marisole H",Pharmacy Benefits,Pharmacy Tech,Clinical & Care,"Phoenix, AZ",US,CC-RXBM-7797,pharmacy.mgr03@example.com,Health Services,Contoso Ltd
montgomerynorthcote@example.com,"Northcote, Montgomery L",Clinical Operations,Clinical Analyst,Clinical & Care,"Hartford, CT",US,CC-CLIN-6351,clinical.mgr01@example.com,Health Services,Contoso Ltd
octaviansatterthwaite@example.com,"Satterthwaite, Octavian J",IT Service Desk,Desktop Admin,Engineering & IT,"Phoenix, AZ",US,CC-ITSD-5368,it.mgr02@example.com,Technology,Contoso Ltd
torstenwexford@example.com,"Wexford, Torsten N",Claims Processing,Claims Examiner,Claims & Operations,Manila,PH,CC-CLMS-9685,claims.mgr03@example.com,Insurance Operations,Contoso Ltd
ulyssamerriweather@example.com,"Merriweather, Ulyssa W",Government Programs,Medicare Analyst,Claims & Operations,"Phoenix, AZ",US,CC-GOVT-6906,government.mgr02@example.com,Insurance Operations,Contoso Ltd
torstenivorson@example.com,"Ivorson, Torsten D",Claims Processing,Claims Auditor,Claims & Operations,"Nashville, TN",US,CC-CLMS-8440,claims.mgr03@example.com,Insurance Operations,Contoso Ltd
bramwellinglethorpe@example.com,"Inglethorpe, Bramwell T",Claims Processing,Recovery Specialist,Claims & Operations,"Minnetonka, MN",US,CC-CLMS-8440,claims.mgr02@example.com,Insurance Operations,Contoso Ltd
percyvandersloot@example.com,"Vandersloot, Percy F",Sales (Employer Group),Account Executive,Sales & Accounts,"Minnetonka, MN",US,CC-SLES-1836,sales.mgr01@example.com,Corporate Functions,Contoso Ltd
balthazarstroganov@example.com,"Stroganov, Balthazar S",Claims Processing,Recovery Specialist,Claims & Operations,"Phoenix, AZ",US,CC-CLMS-8440,claims.mgr01@example.com,Insurance Operations,Contoso Ltd
corwinjessamine@example.com,"Jessamine, Corwin R",Clinical Operations,RN Care Manager,Clinical & Care,"Atlanta, GA",US,CC-CLIN-6351,clinical.mgr03@example.com,Health Services,Contoso Ltd
percivalquennell@example.com,"Quennell, Percival C",Clinical Operations,Clinical Analyst,Clinical & Care,"Phoenix, AZ",US,CC-CLIN-6351,clinical.mgr02@example.com,Health Services,Contoso Ltd
quillancrenshaw@example.com,"Crenshaw, Quillan L",Sales (Employer Group),Renewal Manager,Sales & Accounts,"Phoenix, AZ",US,CC-SLES-1836,sales.mgr03@example.com,Corporate Functions,Contoso Ltd
ottolineillingworth@example.com,"Illingworth, Ottoline H",Data & Analytics,Data Scientist,Data & Analytics,Bengaluru,IN,CC-DATA-2363,data.mgr03@example.com,Technology,Contoso Ltd
evangelineollivander@example.com,"Ollivander, Evangeline S",Finance,FP&A Manager,Finance & Actuarial,"Atlanta, GA",US,CC-FINX-3369,finance.mgr01@example.com,Corporate Functions,Contoso Ltd
montgomerylocksley@example.com,"Locksley, Montgomery L",Pharmacy Benefits,Pharmacy Tech,Clinical & Care,"Minnetonka, MN",US,CC-RXBM-7797,pharmacy.mgr01@example.com,Health Services,Contoso Ltd
zinniagalbraith@example.com,"Galbraith, Zinnia P",Clinical Operations,RN Care Manager,Clinical & Care,"Phoenix, AZ",US,CC-CLIN-6351,clinical.mgr02@example.com,Health Services,Contoso Ltd
bartholomewblackwood@example.com,"Blackwood, Bartholomew T",Clinical Operations,RN Care Manager,Clinical & Care,"Hartford, CT",US,CC-CLIN-6351,clinical.mgr01@example.com,Health Services,Contoso Ltd
corwinnethercott@example.com,"Nethercott, Corwin M",Pharmacy Benefits,Pharmacy Tech,Clinical & Care,"Hartford, CT",US,CC-RXBM-7797,pharmacy.mgr01@example.com,Health Services,Contoso Ltd
yorickwollstonecraft@example.com,"Wollstonecraft, Yorick J",Engineering,Platform Engineer,Engineering & IT,"Hartford, CT",US,CC-ENGR-9639,engineering.mgr01@example.com,Technology,Contoso Ltd
xanthefotheringham@example.com,"Fotheringham, Xanthe R",Clinical Operations,Care Coordinator,Clinical & Care,"Phoenix, AZ",US,CC-CLIN-6351,clinical.mgr02@example.com,Health Services,Contoso Ltd
genevievekirkpatrick@example.com,"Kirkpatrick, Genevieve M",Engineering,Eng Manager,Management & Leadership,Bengaluru,IN,CC-ENGR-3318,engineering.mgr01@example.com,Technology,Contoso Ltd
corwinpembrooke@example.com,"Pembrooke, Corwin E",Engineering,Software Engineer,Engineering & IT,Hyderabad,IN,CC-ENGR-3318,engineering.mgr03@example.com,Technology,Contoso Ltd
hesperprendergast@example.com,"Prendergast, Hesper W",Claims Processing,Claims Auditor,Claims & Operations,Hyderabad,IN,CC-CLMS-5672,claims.mgr03@example.com,Insurance Operations,Contoso Ltd
verityjankowski3@example.com,"Jankowski, Verity E",Member Services,CSR,Member & Customer Support,Hyderabad,IN,CC-MBRS-3434,member.mgr01@example.com,Health Services,Contoso Ltd
philippaainsworth@example.com,"Ainsworth, Philippa D",Clinical Operations,Care Coordinator,Clinical & Care,"Minnetonka, MN",US,CC-CLIN-6351,clinical.mgr01@example.com,Health Services,Contoso Ltd
ambroserutherford@example.com,"Rutherford, Ambrose K",Member Services,CSR,Member & Customer Support,"Minnetonka, MN",US,CC-MBRS-1678,member.mgr01@example.com,Health Services,Contoso Ltd
ulyssaulverston@example.com,"Ulverston, Ulyssa T",Sales (Employer Group),Sales Engineer,Sales & Accounts,"Minnetonka, MN",US,CC-SLES-1836,sales.mgr03@example.com,Corporate Functions,Contoso Ltd
peregrinelattimore@example.com,"Lattimore, Peregrine R",Member Services,CSR,Member & Customer Support,"Hartford, CT",US,CC-MBRS-1678,member.mgr02@example.com,Health Services,Contoso Ltd
ambrosegodfrey@example.com,"Godfrey, Ambrose B",Engineering,Eng Manager,Management & Leadership,"Nashville, TN",US,CC-ENGR-9639,engineering.mgr03@example.com,Technology,Contoso Ltd
rosalindgodfrey@example.com,"Godfrey, Rosalind P",Data & Analytics,ML Engineer,Data & Analytics,"Minnetonka, MN",US,CC-DATA-9141,data.mgr01@example.com,Technology,Contoso Ltd
yorickabernathy@example.com,"Abernathy, Yorick R",Claims Processing,Claims Examiner,Claims & Operations,"Atlanta, GA",US,CC-CLMS-8440,claims.mgr03@example.com,Insurance Operations,Contoso Ltd
lysanderwetherby@example.com,"Wetherby, Lysander C",Actuarial & Underwriting,Actuary,Finance & Actuarial,"Nashville, TN",US,CC-ACTR-9631,actuarial.mgr01@example.com,Insurance Operations,Contoso Ltd
horatiozabrowski@example.com,"Zabrowski, Horatio R",Human Resources,Comp Analyst,Corporate (HR/Legal/Mktg),"Minnetonka, MN",US,CC-HRXX-9770,human.mgr02@example.com,Corporate Functions,Contoso Ltd
raffertymerriweather@example.com,"Merriweather, Rafferty G",IT Service Desk,Tier 2 Tech,Engineering & IT,"Atlanta, GA",US,CC-ITSD-5368,it.mgr03@example.com,Technology,Contoso Ltd
percycholmondeley@example.com,"Cholmondeley, Percy L",Government Programs,Medicaid Liaison,Claims & Operations,"Minnetonka, MN",US,CC-GOVT-6906,government.mgr03@example.com,Insurance Operations,Contoso Ltd
bexleymowbray@example.com,"Mowbray, Bexley M",Member Services,Quality Analyst,Member & Customer Support,"Phoenix, AZ",US,CC-MBRS-1678,member.mgr01@example.com,Health Services,Contoso Ltd
marlowecarmichael@example.com,"Carmichael, Marlowe F",IT Service Desk,Tier 2 Tech,Engineering & IT,Hyderabad,IN,CC-ITSD-8744,it.mgr03@example.com,Technology,Contoso Ltd
wilhelminakensington@example.com,"Kensington, Wilhelmina T",Government Programs,Medicaid Liaison,Claims & Operations,"Hartford, CT",US,CC-GOVT-6906,government.mgr02@example.com,Insurance Operations,Contoso Ltd
raffertyquigley@example.com,"Quigley, Rafferty T",IT Service Desk,Desktop Admin,Engineering & IT,Manila,PH,CC-ITSD-8003,it.mgr01@example.com,Technology,Contoso Ltd
beatrixkensington@example.com,"Kensington, Beatrix J",Actuarial & Underwriting,Underwriter,Finance & Actuarial,"Atlanta, GA",US,CC-ACTR-9631,actuarial.mgr03@example.com,Insurance Operations,Contoso Ltd
casimirvandersloot@example.com,"Vandersloot, Casimir A",Product Management,Group PM,Product & Program,"Minnetonka, MN",US,CC-PROD-5415,product.mgr03@example.com,Technology,Contoso Ltd
lachlanjankowski@example.com,"Jankowski, Lachlan L",Pharmacy Benefits,Formulary Specialist,Clinical & Care,"Hartford, CT",US,CC-RXBM-7797,pharmacy.mgr03@example.com,Health Services,Contoso Ltd
ottiliecrenshaw@example.com,"Crenshaw, Ottilie N",Pharmacy Benefits,Formulary Specialist,Clinical & Care,"Nashville, TN",US,CC-RXBM-7797,pharmacy.mgr02@example.com,Health Services,Contoso Ltd
bartholomewgrimsby2@example.com,"Grimsby, Bartholomew L",Actuarial & Underwriting,Underwriter,Finance & Actuarial,"Minnetonka, MN",US,CC-ACTR-9631,actuarial.mgr02@example.com,Insurance Operations,Contoso Ltd
cordeliafotheringham@example.com,"Fotheringham, Cordelia K",Pharmacy Benefits,PBM Analyst,Clinical & Care,"Phoenix, AZ",US,CC-RXBM-7797,pharmacy.mgr01@example.com,Health Services,Contoso Ltd
quillanedgecombe@example.com,"Edgecombe, Quillan R",Claims Processing,Claims Auditor,Claims & Operations,"Hartford, CT",US,CC-CLMS-8440,claims.mgr03@example.com,Insurance Operations,Contoso Ltd
elowentrelawney@example.com,"Trelawney, Elowen W",Member Services,Quality Analyst,Member & Customer Support,"Minnetonka, MN",US,CC-MBRS-1678,member.mgr02@example.com,Health Services,Contoso Ltd
arabellanorthcote@example.com,"Northcote, Arabella N",Government Programs,Policy Analyst,Claims & Operations,"Nashville, TN",US,CC-GOVT-6906,government.mgr03@example.com,Insurance Operations,Contoso Ltd
corneliusthornbury@example.com,"Thornbury, Cornelius M",Clinical Operations,Clinical Analyst,Clinical & Care,"Nashville, TN",US,CC-CLIN-6351,clinical.mgr03@example.com,Health Services,Contoso Ltd
henriettauxbridge@example.com,"Uxbridge, Henrietta N",Actuarial & Underwriting,Actuary,Finance & Actuarial,"Hartford, CT",US,CC-ACTR-9631,actuarial.mgr01@example.com,Insurance Operations,Contoso Ltd
lachlanvandersloot@example.com,"Vandersloot, Lachlan G",Clinical Operations,Clinical Analyst,Clinical & Care,"Nashville, TN",US,CC-CLIN-6351,clinical.mgr01@example.com,Health Services,Contoso Ltd
zinniaainsworth@example.com,"Ainsworth, Zinnia C",Network Management,Network Analyst,Data & Analytics,"Hartford, CT",US,CC-NTWK-9430,network.mgr01@example.com,Health Services,Contoso Ltd
marisoleduckworth@example.com,"Duckworth, Marisole R",Claims Processing,Claims Auditor,Claims & Operations,"Nashville, TN",US,CC-CLMS-8440,claims.mgr02@example.com,Insurance Operations,Contoso Ltd
wendelinenightingale@example.com,"Nightingale, Wendeline K",Clinical Operations,Clinical Analyst,Clinical & Care,Dublin,IE,CC-CLIN-6316,clinical.mgr03@example.com,Health Services,Contoso Ltd
balthazarduckworth@example.com,"Duckworth, Balthazar T",Sales (Employer Group),Renewal Manager,Sales & Accounts,"Phoenix, AZ",US,CC-SLES-1836,sales.mgr01@example.com,Corporate Functions,Contoso Ltd
torstenrutherford@example.com,"Rutherford, Torsten G",Claims Processing,Claims Examiner,Claims & Operations,Manila,PH,CC-CLMS-9685,claims.mgr02@example.com,Insurance Operations,Contoso Ltd
clementineharrington@example.com,"Harrington, Clementine W",Human Resources,Recruiter,Corporate (HR/Legal/Mktg),"Phoenix, AZ",US,CC-HRXX-9770,human.mgr02@example.com,Corporate Functions,Contoso Ltd
reginaldillingworth@example.com,"Illingworth, Reginald K",Product Management,PM,Product & Program,"Atlanta, GA",US,CC-PROD-5415,product.mgr03@example.com,Technology,Contoso Ltd
antheapennington@example.com,"Pennington, Anthea W",Clinical Operations,Care Coordinator,Clinical & Care,"Hartford, CT",US,CC-CLIN-6351,clinical.mgr03@example.com,Health Services,Contoso Ltd
cassiandunmore@example.com,"Dunmore, Cassian L",Clinical Operations,Clinical Analyst,Clinical & Care,Dublin,IE,CC-CLIN-6316,clinical.mgr03@example.com,Health Services,Contoso Ltd
nikolaiattenborough@example.com,"Attenborough, Nikolai D",Network Management,Provider Relations,Member & Customer Support,"Hartford, CT",US,CC-NTWK-9430,network.mgr03@example.com,Health Services,Contoso Ltd
elowenstroganov@example.com,"Stroganov, Elowen C",Claims Processing,Claims Auditor,Claims & Operations,"Atlanta, GA",US,CC-CLMS-8440,claims.mgr02@example.com,Insurance Operations,Contoso Ltd
millicentgrimsby@example.com,"Grimsby, Millicent L",Sales (Employer Group),Renewal Manager,Sales & Accounts,"Phoenix, AZ",US,CC-SLES-1836,sales.mgr01@example.com,Corporate Functions,Contoso Ltd
antigonewollstonecraft@example.com,"Wollstonecraft, Antigone R",Government Programs,Policy Analyst,Claims & Operations,"Nashville, TN",US,CC-GOVT-6906,government.mgr03@example.com,Insurance Operations,Contoso Ltd
marloweyelverton@example.com,"Yelverton, Marlowe T",Sales (Employer Group),Renewal Manager,Sales & Accounts,"Hartford, CT",US,CC-SLES-1836,sales.mgr03@example.com,Corporate Functions,Contoso Ltd
solveigquennell@example.com,"Quennell, Solveig K",Claims Processing,Claims Examiner,Claims & Operations,"Minnetonka, MN",US,CC-CLMS-8440,claims.mgr02@example.com,Insurance Operations,Contoso Ltd
octavianstroganov@example.com,"Stroganov, Octavian W",Government Programs,Policy Analyst,Claims & Operations,"Phoenix, AZ",US,CC-GOVT-6906,government.mgr03@example.com,Insurance Operations,Contoso Ltd
arabellagalbraith@example.com,"Galbraith, Arabella K",Marketing,Brand Lead,Corporate (HR/Legal/Mktg),"Nashville, TN",US,CC-MKTG-7836,marketing.mgr03@example.com,Corporate Functions,Contoso Ltd
emmerichockendon@example.com,"Ockendon, Emmerich C",Member Services,CSR,Member & Customer Support,"Minnetonka, MN",US,CC-MBRS-1678,member.mgr01@example.com,Health Services,Contoso Ltd
bramwellkirkpatrick@example.com,"Kirkpatrick, Bramwell B",Clinical Operations,Clinical Analyst,Clinical & Care,"Atlanta, GA",US,CC-CLIN-6351,clinical.mgr01@example.com,Health Services,Contoso Ltd
dashiellmowbray@example.com,"Mowbray, Dashiell K",Member Services,Escalations Lead,Member & Customer Support,"Nashville, TN",US,CC-MBRS-1678,member.mgr02@example.com,Health Services,Contoso Ltd
delphinekirkpatrick2@example.com,"Kirkpatrick, Delphine P",Government Programs,Medicare Analyst,Claims & Operations,"Hartford, CT",US,CC-GOVT-6906,government.mgr02@example.com,Insurance Operations,Contoso Ltd
percyjessamine@example.com,"Jessamine, Percy H",Member Services,CSR,Member & Customer Support,"Atlanta, GA",US,CC-MBRS-1678,member.mgr01@example.com,Health Services,Contoso Ltd
elowensatterthwaite@example.com,"Satterthwaite, Elowen S",Engineering,Software Engineer,Engineering & IT,"Nashville, TN",US,CC-ENGR-9639,engineering.mgr02@example.com,Technology,Contoso Ltd
quillanfotheringham@example.com,"Fotheringham, Quillan F",Member Services,CSR,Member & Customer Support,"Nashville, TN",US,CC-MBRS-1678,member.mgr01@example.com,Health Services,Contoso Ltd
thaddeusattenborough@example.com,"Attenborough, Thaddeus K",Human Resources,Comp Analyst,Corporate (HR/Legal/Mktg),"Nashville, TN",US,CC-HRXX-9770,human.mgr03@example.com,Corporate Functions,Contoso Ltd
hespersatterthwaite@example.com,"Satterthwaite, Hesper C",IT Service Desk,Tier 1 Tech,Engineering & IT,"Hartford, CT",US,CC-ITSD-5368,it.mgr01@example.com,Technology,Contoso Ltd
clementinegalbraith@example.com,"Galbraith, Clementine F",Network Management,Contract Negotiator,Sales & Accounts,"Atlanta, GA",US,CC-NTWK-9430,network.mgr02@example.com,Health Services,Contoso Ltd
percybraithwaite@example.com,"Braithwaite, Percy E",Claims Processing,Recovery Specialist,Claims & Operations,"Hartford, CT",US,CC-CLMS-8440,claims.mgr01@example.com,Insurance Operations,Contoso Ltd
octaviancadwallader@example.com,"Cadwallader, Octavian T",Clinical Operations,RN Care Manager,Clinical & Care,"Minnetonka, MN",US,CC-CLIN-6351,clinical.mgr03@example.com,Health Services,Contoso Ltd
beatrixulverston@example.com,"Ulverston, Beatrix B",Product Management,PM,Product & Program,"Nashville, TN",US,CC-PROD-5415,product.mgr01@example.com,Technology,Contoso Ltd
raffertyvoskuijlen2@example.com,"Voskuijlen, Rafferty A",Claims Processing,Recovery Specialist,Claims & Operations,"Phoenix, AZ",US,CC-CLMS-8440,claims.mgr02@example.com,Insurance Operations,Contoso Ltd
evangelinedunmore@example.com,"Dunmore, Evangeline C",Human Resources,Recruiter,Corporate (HR/Legal/Mktg),"Minnetonka, MN",US,CC-HRXX-9770,human.mgr03@example.com,Corporate Functions,Contoso Ltd
genevieveziegler@example.com,"Ziegler, Genevieve P",Member Services,Quality Analyst,Member & Customer Support,"Nashville, TN",US,CC-MBRS-1678,member.mgr02@example.com,Health Services,Contoso Ltd
margueritebletchley@example.com,"Bletchley, Marguerite N",Sales (Employer Group),Renewal Manager,Sales & Accounts,"Minnetonka, MN",US,CC-SLES-1836,sales.mgr02@example.com,Corporate Functions,Contoso Ltd
casimirabernathy@example.com,"Abernathy, Casimir C",Clinical Operations,Clinical Analyst,Clinical & Care,"Hartford, CT",US,CC-CLIN-6351,clinical.mgr02@example.com,Health Services,Contoso Ltd
henriettaoxenford@example.com,"Oxenford, Henrietta F",Clinical Operations,RN Care Manager,Clinical & Care,"Phoenix, AZ",US,CC-CLIN-6351,clinical.mgr01@example.com,Health Services,Contoso Ltd
dashiellquennell@example.com,"Quennell, Dashiell G",Legal & Compliance,Privacy Officer,Corporate (HR/Legal/Mktg),"Nashville, TN",US,CC-LEGL-2668,legal.mgr02@example.com,Corporate Functions,Contoso Ltd
balthazarrosewarne@example.com,"Rosewarne, Balthazar M",Sales (Employer Group),Sales Engineer,Sales & Accounts,"Phoenix, AZ",US,CC-SLES-1836,sales.mgr01@example.com,Corporate Functions,Contoso Ltd
beatrixcadwallader@example.com,"Cadwallader, Beatrix S",Claims Processing,Claims Auditor,Claims & Operations,Manila,PH,CC-CLMS-9685,claims.mgr01@example.com,Insurance Operations,Contoso Ltd
ottolinecrenshaw2@example.com,"Crenshaw, Ottoline S",Network Management,Network Analyst,Data & Analytics,"Atlanta, GA",US,CC-NTWK-9430,network.mgr02@example.com,Health Services,Contoso Ltd
casimirhawthorne@example.com,"Hawthorne, Casimir M",Human Resources,Comp Analyst,Corporate (HR/Legal/Mktg),"Hartford, CT",US,CC-HRXX-9770,human.mgr03@example.com,Corporate Functions,Contoso Ltd
verityprendergast@example.com,"Prendergast, Verity A",IT Service Desk,Desktop Admin,Engineering & IT,"Atlanta, GA",US,CC-ITSD-5368,it.mgr03@example.com,Technology,Contoso Ltd
ottolinebraithwaite@example.com,"Braithwaite, Ottoline E",Clinical Operations,RN Care Manager,Clinical & Care,"Minnetonka, MN",US,CC-CLIN-6351,clinical.mgr02@example.com,Health Services,Contoso Ltd
fitzgeraldjessamine@example.com,"Jessamine, Fitzgerald H",Pharmacy Benefits,PBM Analyst,Clinical & Care,"Nashville, TN",US,CC-RXBM-7797,pharmacy.mgr03@example.com,Health Services,Contoso Ltd
fitzgeraldockendon2@example.com,"Ockendon, Fitzgerald H",Marketing,Marketing Manager,Corporate (HR/Legal/Mktg),"Hartford, CT",US,CC-MKTG-7836,marketing.mgr01@example.com,Corporate Functions,Contoso Ltd
wilhelmkirkpatrick@example.com,"Kirkpatrick, Wilhelm T",Clinical Operations,Care Coordinator,Clinical & Care,"Nashville, TN",US,CC-CLIN-6351,clinical.mgr01@example.com,Health Services,Contoso Ltd
fitzgeraldrutherford@example.com,"Rutherford, Fitzgerald H",Sales (Employer Group),Account Executive,Sales & Accounts,"Nashville, TN",US,CC-SLES-1836,sales.mgr02@example.com,Corporate Functions,Contoso Ltd
percivaltremaine@example.com,"Tremaine, Percival E",Clinical Operations,Clinical Analyst,Clinical & Care,"Phoenix, AZ",US,CC-CLIN-6351,clinical.mgr03@example.com,Health Services,Contoso Ltd
beatrixedgecombe@example.com,"Edgecombe, Beatrix P",Finance,Financial Analyst,Finance & Actuarial,"Nashville, TN",US,CC-FINX-3369,finance.mgr03@example.com,Corporate Functions,Contoso Ltd
zephyrineuxbridge@example.com,"Uxbridge, Zephyrine E",Legal & Compliance,Privacy Officer,Corporate (HR/Legal/Mktg),"Minnetonka, MN",US,CC-LEGL-2668,legal.mgr01@example.com,Corporate Functions,Contoso Ltd
xanthefairbanks@example.com,"Fairbanks, Xanthe N",IT Service Desk,Desktop Admin,Engineering & IT,"Hartford, CT",US,CC-ITSD-5368,it.mgr01@example.com,Technology,Contoso Ltd
margueritejessamine@example.com,"Jessamine, Marguerite W",Product Management,Sr PM,Product & Program,"Phoenix, AZ",US,CC-PROD-5415,product.mgr03@example.com,Technology,Contoso Ltd
leopoldziegler@example.com,"Ziegler, Leopold E",Engineering,Software Engineer,Engineering & IT,"Atlanta, GA",US,CC-ENGR-9639,engineering.mgr03@example.com,Technology,Contoso Ltd
solveiggalbraith2@example.com,"Galbraith, Solveig R",Data & Analytics,BI Engineer,Data & Analytics,"Atlanta, GA",US,CC-DATA-9141,data.mgr03@example.com,Technology,Contoso Ltd
thaddeuslattimore@example.com,"Lattimore, Thaddeus S",Actuarial & Underwriting,Actuary,Finance & Actuarial,"Minnetonka, MN",US,CC-ACTR-9631,actuarial.mgr01@example.com,Insurance Operations,Contoso Ltd
verityjankowski@example.com,"Jankowski, Verity B",Member Services,Escalations Lead,Member & Customer Support,Manila,PH,CC-MBRS-8205,member.mgr01@example.com,Health Services,Contoso Ltd
odalysjankowski@example.com,"Jankowski, Odalys H",Data & Analytics,Data Analyst,Data & Analytics,Hyderabad,IN,CC-DATA-2363,data.mgr03@example.com,Technology,Contoso Ltd
margueritemerriweather@example.com,"Merriweather, Marguerite T",Clinical Operations,Clinical Analyst,Clinical & Care,"Nashville, TN",US,CC-CLIN-6351,clinical.mgr02@example.com,Health Services,Contoso Ltd
dashiellbraithwaite2@example.com,"Braithwaite, Dashiell M",Government Programs,Medicare Analyst,Claims & Operations,"Minnetonka, MN",US,CC-GOVT-6906,government.mgr03@example.com,Insurance Operations,Contoso Ltd
solveigoxenford@example.com,"Oxenford, Solveig A",Product Management,PM,Product & Program,"Atlanta, GA",US,CC-PROD-5415,product.mgr01@example.com,Technology,Contoso Ltd
odalysvoskuijlen@example.com,"Voskuijlen, Odalys L",Network Management,Contract Negotiator,Sales & Accounts,"Hartford, CT",US,CC-NTWK-9430,network.mgr03@example.com,Health Services,Contoso Ltd
nikolaiquennell@example.com,"Quennell, Nikolai T",Claims Processing,Recovery Specialist,Claims & Operations,Manila,PH,CC-CLMS-9685,claims.mgr03@example.com,Insurance Operations,Contoso Ltd
arabellaulverston@example.com,"Ulverston, Arabella A",Data & Analytics,BI Engineer,Data & Analytics,"Atlanta, GA",US,CC-DATA-9141,data.mgr03@example.com,Technology,Contoso Ltd
ignatiusfairbanks@example.com,"Fairbanks, Ignatius K",Claims Processing,Recovery Specialist,Claims & Operations,"Minnetonka, MN",US,CC-CLMS-8440,claims.mgr03@example.com,Insurance Operations,Contoso Ltd
antheasinclair@example.com,"Sinclair, Anthea C",Sales (Employer Group),Account Executive,Sales & Accounts,"Phoenix, AZ",US,CC-SLES-1836,sales.mgr02@example.com,Corporate Functions,Contoso Ltd
wilhelmulverston@example.com,"Ulverston, Wilhelm C",Sales (Employer Group),Account Executive,Sales & Accounts,"Atlanta, GA",US,CC-SLES-1836,sales.mgr02@example.com,Corporate Functions,Contoso Ltd
thibaulthollingsworth@example.com,"Hollingsworth, Thibault J",Network Management,Network Analyst,Data & Analytics,"Atlanta, GA",US,CC-NTWK-9430,network.mgr03@example.com,Health Services,Contoso Ltd
horatiohollingsworth@example.com,"Hollingsworth, Horatio K",Pharmacy Benefits,Formulary Specialist,Clinical & Care,"Minnetonka, MN",US,CC-RXBM-7797,pharmacy.mgr03@example.com,Health Services,Contoso Ltd
zinniajankowski@example.com,"Jankowski, Zinnia N",Government Programs,Medicare Analyst,Claims & Operations,"Nashville, TN",US,CC-GOVT-6906,government.mgr03@example.com,Insurance Operations,Contoso Ltd
montgomerystroganov@example.com,"Stroganov, Montgomery B",Product Management,PM,Product & Program,Dublin,IE,CC-PROD-2341,product.mgr02@example.com,Technology,Contoso Ltd
wilhelmmerriweather@example.com,"Merriweather, Wilhelm E",Clinical Operations,Clinical Analyst,Clinical & Care,"Atlanta, GA",US,CC-CLIN-6351,clinical.mgr03@example.com,Health Services,Contoso Ltd
clementinehollingsworth@example.com,"Hollingsworth, Clementine P",Claims Processing,Recovery Specialist,Claims & Operations,"Nashville, TN",US,CC-CLMS-8440,claims.mgr01@example.com,Insurance Operations,Contoso Ltd
alariculverston@example.com,"Ulverston, Alaric K",Network Management,Provider Relations,Member & Customer Support,"Phoenix, AZ",US,CC-NTWK-9430,network.mgr02@example.com,Health Services,Contoso Ltd
henriettalocksley@example.com,"Locksley, Henrietta R",Legal & Compliance,Counsel,Corporate (HR/Legal/Mktg),"Atlanta, GA",US,CC-LEGL-2668,legal.mgr02@example.com,Corporate Functions,Contoso Ltd
clementinekensington@example.com,"Kensington, Clementine A",Government Programs,Policy Analyst,Claims & Operations,"Nashville, TN",US,CC-GOVT-6906,government.mgr02@example.com,Insurance Operations,Contoso Ltd
beatrixtrelawney@example.com,"Trelawney, Beatrix S",Engineering,SRE,Engineering & IT,"Atlanta, GA",US,CC-ENGR-9639,engineering.mgr01@example.com,Technology,Contoso Ltd
cordeliablackwood@example.com,"Blackwood, Cordelia R",Human Resources,Recruiter,Corporate (HR/Legal/Mktg),"Hartford, CT",US,CC-HRXX-9770,human.mgr03@example.com,Corporate Functions,Contoso Ltd
seraphinajankowski@example.com,"Jankowski, Seraphina A",Engineering,Eng Manager,Management & Leadership,"Nashville, TN",US,CC-ENGR-9639,engineering.mgr02@example.com,Technology,Contoso Ltd
margueritelindqvist@example.com,"Lindqvist, Marguerite J",Clinical Operations,Care Coordinator,Clinical & Care,"Nashville, TN",US,CC-CLIN-6351,clinical.mgr02@example.com,Health Services,Contoso Ltd
silvanuspembrooke@example.com,"Pembrooke, Silvanus H",Member Services,Escalations Lead,Member & Customer Support,"Nashville, TN",US,CC-MBRS-1678,member.mgr01@example.com,Health Services,Contoso Ltd
henriettasinclair@example.com,"Sinclair, Henrietta W",Engineering,Software Engineer,Engineering & IT,Dublin,IE,CC-ENGR-9674,engineering.mgr03@example.com,Technology,Contoso Ltd
xantheainsworth@example.com,"Ainsworth, Xanthe C",Data & Analytics,BI Engineer,Data & Analytics,Dublin,IE,CC-DATA-8847,data.mgr01@example.com,Technology,Contoso Ltd
fitzgeraldpembrooke@example.com,"Pembrooke, Fitzgerald W",Finance,Financial Analyst,Finance & Actuarial,"Minnetonka, MN",US,CC-FINX-3369,finance.mgr02@example.com,Corporate Functions,Contoso Ltd
emmerichquartermaine@example.com,"Quartermaine, Emmerich S",Clinical Operations,RN Care Manager,Clinical & Care,"Minnetonka, MN",US,CC-CLIN-6351,clinical.mgr03@example.com,Health Services,Contoso Ltd
montgomerycrenshaw@example.com,"Crenshaw, Montgomery B",Claims Processing,Claims Examiner,Claims & Operations,"Nashville, TN",US,CC-CLMS-8440,claims.mgr01@example.com,Insurance Operations,Contoso Ltd
corwinfairbanks@example.com,"Fairbanks, Corwin A",Sales (Employer Group),Account Executive,Sales & Accounts,"Hartford, CT",US,CC-SLES-1836,sales.mgr02@example.com,Corporate Functions,Contoso Ltd
thaddeussatterthwaite@example.com,"Satterthwaite, Thaddeus B",Network Management,Provider Relations,Member & Customer Support,"Minnetonka, MN",US,CC-NTWK-9430,network.mgr01@example.com,Health Services,Contoso Ltd
wilhelminalocksley@example.com,"Locksley, Wilhelmina T",Sales (Employer Group),Renewal Manager,Sales & Accounts,"Minnetonka, MN",US,CC-SLES-1836,sales.mgr03@example.com,Corporate Functions,Contoso Ltd
horatioillingworth@example.com,"Illingworth, Horatio D",Member Services,Escalations Lead,Member & Customer Support,"Nashville, TN",US,CC-MBRS-1678,member.mgr01@example.com,Health Services,Contoso Ltd
barnabyduckworth@example.com,"Duckworth, Barnaby T",Network Management,Contract Negotiator,Sales & Accounts,"Atlanta, GA",US,CC-NTWK-9430,network.mgr01@example.com,Health Services,Contoso Ltd
rosalindziegler@example.com,"Ziegler, Rosalind L",Member Services,Quality Analyst,Member & Customer Support,Bengaluru,IN,CC-MBRS-3434,member.mgr03@example.com,Health Services,Contoso Ltd
genevieverutherford@example.com,"Rutherford, Genevieve R",Pharmacy Benefits,Formulary Specialist,Clinical & Care,"Minnetonka, MN",US,CC-RXBM-7797,pharmacy.mgr03@example.com,Health Services,Contoso Ltd
isoldegodfrey@example.com,"Godfrey, Isolde L",Product Management,Group PM,Product & Program,"Hartford, CT",US,CC-PROD-5415,product.mgr02@example.com,Technology,Contoso Ltd
reginaldabernathy@example.com,"Abernathy, Reginald F",Member Services,Quality Analyst,Member & Customer Support,Manila,PH,CC-MBRS-8205,member.mgr02@example.com,Health Services,Contoso Ltd
solveigquigley@example.com,"Quigley, Solveig M",Actuarial & Underwriting,Actuary,Finance & Actuarial,"Phoenix, AZ",US,CC-ACTR-9631,actuarial.mgr03@example.com,Insurance Operations,Contoso Ltd
persephoneabernathy@example.com,"Abernathy, Persephone A",Human Resources,HRBP,Corporate (HR/Legal/Mktg),"Atlanta, GA",US,CC-HRXX-9770,human.mgr01@example.com,Corporate Functions,Contoso Ltd
delphinesatterthwaite@example.com,"Satterthwaite, Delphine W",Engineering,SRE,Engineering & IT,Bengaluru,IN,CC-ENGR-3318,engineering.mgr01@example.com,Technology,Contoso Ltd
georgianaziegler@example.com,"Ziegler, Georgiana R",Member Services,CSR,Member & Customer Support,"Minnetonka, MN",US,CC-MBRS-1678,member.mgr03@example.com,Health Services,Contoso Ltd
corneliusollivander@example.com,"Ollivander, Cornelius N",Actuarial & Underwriting,Underwriter,Finance & Actuarial,"Nashville, TN",US,CC-ACTR-9631,actuarial.mgr01@example.com,Insurance Operations,Contoso Ltd
rosalindellsworth@example.com,"Ellsworth, Rosalind K",Member Services,CSR,Member & Customer Support,Hyderabad,IN,CC-MBRS-3434,member.mgr03@example.com,Health Services,Contoso Ltd
bartholomewuxbridge@example.com,"Uxbridge, Bartholomew S",Data & Analytics,Data Scientist,Data & Analytics,"Phoenix, AZ",US,CC-DATA-9141,data.mgr02@example.com,Technology,Contoso Ltd
cassianravenscroft@example.com,"Ravenscroft, Cassian A",Member Services,Escalations Lead,Member & Customer Support,"Minnetonka, MN",US,CC-MBRS-1678,member.mgr03@example.com,Health Services,Contoso Ltd
beatrixnethercott@example.com,"Nethercott, Beatrix L",Network Management,Provider Relations,Member & Customer Support,"Hartford, CT",US,CC-NTWK-9430,network.mgr02@example.com,Health Services,Contoso Ltd
millicentvillanueva@example.com,"Villanueva, Millicent D",Human Resources,Comp Analyst,Corporate (HR/Legal/Mktg),"Nashville, TN",US,CC-HRXX-9770,human.mgr02@example.com,Corporate Functions,Contoso Ltd
bexleymarchetti@example.com,"Marchetti, Bexley F",Clinical Operations,RN Care Manager,Clinical & Care,"Hartford, CT",US,CC-CLIN-6351,clinical.mgr02@example.com,Health Services,Contoso Ltd
octavianmowbray@example.com,"Mowbray, Octavian B",Member Services,Escalations Lead,Member & Customer Support,Bengaluru,IN,CC-MBRS-3434,member.mgr03@example.com,Health Services,Contoso Ltd
clementinenightingale@example.com,"Nightingale, Clementine R",Member Services,CSR,Member & Customer Support,"Phoenix, AZ",US,CC-MBRS-1678,member.mgr02@example.com,Health Services,Contoso Ltd
antheavandersloot@example.com,"Vandersloot, Anthea P",Network Management,Contract Negotiator,Sales & Accounts,"Phoenix, AZ",US,CC-NTWK-9430,network.mgr02@example.com,Health Services,Contoso Ltd
